DateTime;Cabinet Temp (C);Cabinet Humidity (%);BESS SOC (%);BESS SOH (%);Genset Status;TOTAL Rate 1 Current active energy sum Solar (kWh);Total Rate 1 Current active energy sum today Solar (kWh);TOTAL Rate 2 Current active energy sum Solar (kWh);Total Rate 2 Current active energy sum today Solar (kWh);Total Instantaneous active power sum Solar (kW);AVG Voltage Solar (V);Total Ampere Solar (A);Freq Solar (Hz);TOTAL BESS Rate 1 Current active energy sum Import (kWh);Total BESS Rate 1 Current active energy sum today Import (kWh);TOTAL BESS Rate 2 Current active energy sum Import (kWh);Total BESS Rate 2 Current active energy sum today Import (kWh);TOTAL BESS Rate 3 Current active energy sum Import (kWh);Total BESS Rate 3 Current active energy sum today Import (kWh);TOTAL BESS Rate 1 Current active energy sum Export (kWh);Total BESS Rate 1 Current active energy sum today Export (kWh);TOTAL BESS Rate 2 Current active energy sum Export (kWh);Total BESS Rate 2 Current active energy sum today Export (kWh);TOTAL BESS Rate 3 Current active energy sum Export (kWh);Total BESS Rate 3 Current active energy sum today Export (kWh);Charge/Discharge avg Voltage BESS (V);Charge/Discharge Total Ampere BESS (A);Charge/Discharge Freq BESS (Hz);Total Instantaneous active power sum BESS (kW);Charge/Discharge Phase 1 (kW);Charge/Discharge Phase 2 (kW);Charge/Discharge Phase 3 (kW);Grid Total (kWh);Grid Power (kW);Grid Power Ph1 (kW);Grid Power Ph2 (kW);Grid Power Ph3 (kW);Grid Volt;Grid Amp;Grid Freq;Grid Power Factor;Grid Voltage Phase 1;Grid Voltage Phase 2;Grid Voltage Phase 3;Grid Current Phase 1;Grid Current Phase 2;Grid Current Phase 3;PCS1 Status;PCS1 Working Mode;Rack 01 Total Charged (kWh);Rack 01 Power Charge (kW);Rack 01 Total Discharged (kWh);Rack 01 Power Discharge (kW);Rack 01 Status;Rack 01 Alarm;Rack 01 Average Temp;Rack 01 SOC (%);Rack 01  SOH (%);Rack 01 Current (A);Rack 01 Voltage (V);Rack 02 Total Charged (kWh);Rack 02 Power Charge (kW);Rack 02 Total Discharged (kWh);Rack 02 Power Discharge (kW);Rack 02 Status;Rack 02 Alarm;Rack 02 Average Temp;Rack 02 SOC (%);Rack 02  SOH (%);Rack 02 Current (A);Rack 02 Voltage (V);Rack 03 Total Charged (kWh);Rack 03 Power Charge (kW);Rack 03 Total Discharged (kWh);Rack 03 Power Discharge (kW);Rack 03 Status;Rack 03 Alarm;Rack 03 Average Temp;Rack 03 SOC (%);Rack 03  SOH (%);Rack 03 Current (A);Rack 03 Voltage (V);Rack 04 Total Charged (kWh);Rack 04 Power Charge (kW);Rack 04 Total Discharged (kWh);Rack 04 Power Discharge (kW);Rack 04 Status;Rack 04 Alarm;Rack 04 Average Temp;Rack 04 SOC (%);Rack 04  SOH (%);Rack 04 Current (A);Rack 04 Voltage (V);Rack 05 Total Charged (kWh);Rack 05 Power Charge (kW);Rack 05 Total Discharged (kWh);Rack 05 Power Discharge (kW);Rack 05 Status;Rack 05 Alarm;Rack 05 Average Temp;Rack 05 SOC (%);Rack 05  SOH (%);Rack 05 Current (A);Rack 05 Voltage (V);PCS2 Status;PCS2 Working Mode;Rack 06 Total Charged (kWh);Rack 06 Power Charge (kW);Rack 06 Total Discharged (kWh);Rack 06 Power Discharge (kW);Rack 06 Status;Rack 06 Alarm;Rack 06 Average Temp;Rack 06 SOC (%);Rack 06  SOH (%);Rack 06 Current (A);Rack 06 Voltage (V);Rack 07 Total Charged (kWh);Rack 07 Power Charge (kW);Rack 07 Total Discharged (kWh);Rack 07 Power Discharge (kW);Rack 07 Status;Rack 07 Alarm;Rack 07 Average Temp;Rack 07 SOC (%);Rack 07  SOH (%);Rack 07 Current (A);Rack 07 Voltage (V);Rack 08 Total Charged (kWh);Rack 08 Power Charge (kW);Rack 08 Total Discharged (kWh);Rack 08 Power Discharge (kW);Rack 08 Status;Rack 08 Alarm;Rack 08 Average Temp;Rack 08 SOC (%);Rack 08  SOH (%);Rack 08 Current (A);Rack 08 Voltage (V);Rack 09 Total Charged (kWh);Rack 09 Power Charge (kW);Rack 09 Total Discharged (kWh);Rack 09 Power Discharge (kW);Rack 09 Status;Rack 09 Alarm;Rack 09 Average Temp;Rack 09 SOC (%);Rack 09  SOH (%);Rack 09 Current (A);Rack 09 Voltage (V);Rack 10 Total Charged (kWh);Rack 10 Power Charge (kW);Rack 10 Total Discharged (kWh);Rack 10 Power Discharge (kW);Rack 10 Status;Rack 10 Alarm;Rack 10 Average Temp;Rack 10 SOC (%);Rack 10  SOH (%);Rack 10 Current (A);Rack 10 Voltage (V)
2026-01-09 10:08:00;1;2;18;909;0;0;0;0;0;0;0;0;0;0.10200000000000001;0.105;0.108;0.11;0.114;0.117;0;0;0;0;0;0;4.026317022173599e-37;0;0;0;0;0;0;500;700;950;1180;850;440;0;450;595;840;795;750;800;800;800;0;3;0;0;0;0;3;4;0;50;60;20;10;0;0;0;0;3;4;0;50;60;20;10;0;0;0;0;2;1;0;7;8;6;5;0;0;0;0;0;0;0;0;0;0;0;0;0;0;0;0;0;0;0;0;0;0;0;4;0;0;0;0;4;2;0;7;6;8;9;0;0;0;0;0;0;0;0;0;0;0;0;0;0;0;0;0;0;0;0;0;0;0;0;0;0;0;0;0;0;0;0;0;0;0;0;0;0;0;0;0;0;0;0
2026-01-09 10:09:00;1;2;18;909;0;0;0;0;0;0;0;0;0;0.10200000000000001;0.105;0.108;0.11;0.114;0.117;0;0;0;0;0;0;4.026317022173599e-37;0;0;0;0;0;0;500;700;950;1180;850;440;0;450;595;840;795;750;800;800;800;0;3;0;0;0;0;3;4;0;50;60;20;10;0;0;0;0;3;4;0;50;60;20;10;0;0;0;0;2;1;0;7;8;6;5;0;0;0;0;0;0;0;0;0;0;0;0;0;0;0;0;0;0;0;0;0;0;0;4;0;0;0;0;4;2;0;7;6;8;9;0;0;0;0;0;0;0;0;0;0;0;0;0;0;0;0;0;0;0;0;0;0;0;0;0;0;0;0;0;0;0;0;0;0;0;0;0;0;0;0;0;0;0;0
2026-01-09 10:10:00;1;2;18;909;0;0;0;0;0;0;0;0;0;0.10200000000000001;0.105;0.108;0.11;0.114;0.117;0;0;0;0;0;0;4.026317022173599e-37;0;0;0;0;0;0;500;700;950;1180;850;440;0;450;595;840;795;750;800;800;800;0;3;0;0;0;0;3;4;0;50;60;20;10;0;0;0;0;3;4;0;50;60;20;10;0;0;0;0;2;1;0;7;8;6;5;0;0;0;0;0;0;0;0;0;0;0;0;0;0;0;0;0;0;0;0;0;0;0;4;0;0;0;0;4;2;0;7;6;8;9;0;0;0;0;0;0;0;0;0;0;0;0;0;0;0;0;0;0;0;0;0;0;0;0;0;0;0;0;0;0;0;0;0;0;0;0;0;0;0;0;0;0;0;0
2026-01-09 10:11:00;1;2;18;909;0;0;0;0;0;0;0;0;0;0.10200000000000001;0.105;0.108;0.11;0.114;0.117;0;0;0;0;0;0;4.026317022173599e-37;0;0;0;0;0;0;500;700;950;1180;850;440;0;450;595;840;795;750;800;800;800;0;3;0;0;0;0;3;4;0;50;60;20;10;0;0;0;0;3;4;0;50;60;20;10;0;0;0;0;2;1;0;7;8;6;5;0;0;0;0;0;0;0;0;0;0;0;0;0;0;0;0;0;0;0;0;0;0;0;4;0;0;0;0;4;2;0;7;6;8;9;0;0;0;0;0;0;0;0;0;0;0;0;0;0;0;0;0;0;0;0;0;0;0;0;0;0;0;0;0;0;0;0;0;0;0;0;0;0;0;0;0;0;0;0
2026-01-09 10:12:00;1;2;18;909;0;0;0;0;0;0;0;0;0;0.10200000000000001;0.105;0.108;0.11;0.114;0.117;0;0;0;0;0;0;4.026317022173599e-37;0;0;0;0;0;0;500;700;950;1180;850;440;0;450;595;840;795;750;800;800;800;0;3;0;0;0;0;3;4;0;50;60;20;10;0;0;0;0;3;4;0;50;60;20;10;0;0;0;0;2;1;0;7;8;6;5;0;0;0;0;0;0;0;0;0;0;0;0;0;0;0;0;0;0;0;0;0;0;0;4;0;0;0;0;4;2;0;7;6;8;9;0;0;0;0;0;0;0;0;0;0;0;0;0;0;0;0;0;0;0;0;0;0;0;0;0;0;0;0;0;0;0;0;0;0;0;0;0;0;0;0;0;0;0;0
2026-01-09 10:13:00;1;2;18;909;0;0;0;0;0;0;0;0;0;0.10200000000000001;0.105;0.108;0.11;0.114;0.117;0;0;0;0;0;0;4.026317022173599e-37;0;0;0;0;0;0;500;700;950;1180;850;440;1250;450;595;840;795;750;800;800;800;0;3;0;0;0;0;3;4;0;50;60;20;10;0;0;0;0;3;4;0;50;60;20;10;0;0;0;0;2;1;0;7;8;6;5;0;0;0;0;0;0;0;0;0;0;0;0;0;0;0;0;0;0;0;0;0;0;0;4;0;0;0;0;4;2;0;7;6;8;9;0;0;0;0;0;0;0;0;0;0;0;0;0;0;0;0;0;0;0;0;0;0;0;0;0;0;0;0;0;0;0;0;0;0;0;0;0;0;0;0;0;0;0;0
2026-01-09 10:14:00;1;2;18;909;0;0;0;0;0;0;0;0;0;0.10200000000000001;0.105;0.108;0.11;0.114;0.117;0;0;0;0;0;0;4.026317022173599e-37;0;0;0;0;0;0;500;700;950;1180;850;440;1250;450;595;840;795;750;800;800;800;0;3;0;0;0;0;3;4;0;50;60;20;10;0;0;0;0;3;4;0;50;60;20;10;0;0;0;0;2;1;0;7;8;6;5;0;0;0;0;0;0;0;0;0;0;0;0;0;0;0;0;0;0;0;0;0;0;0;4;0;0;0;0;4;2;0;7;6;8;9;0;0;0;0;0;0;0;0;0;0;0;0;0;0;0;0;0;0;0;0;0;0;0;0;0;0;0;0;0;0;0;0;0;0;0;0;0;0;0;0;0;0;0;0
2026-01-09 10:15:00;1;2;18;909;0;0;0;0;0;0;0;0;0;0.10200000000000001;0.105;0.108;0.11;0.114;0.117;0;0;0;0;0;0;4.026317022173599e-37;0;0;0;0;0;0;500;700;950;1180;850;440;1250;450;595;840;795;750;800;800;800;0;3;0;0;0;0;3;4;0;50;60;20;10;0;0;0;0;3;4;0;50;60;20;10;0;0;0;0;2;1;0;7;8;6;5;0;0;0;0;0;0;0;0;0;0;0;0;0;0;0;0;0;0;0;0;0;0;0;4;0;0;0;0;4;2;0;7;6;8;9;0;0;0;0;0;0;0;0;0;0;0;0;0;0;0;0;0;0;0;0;0;0;0;0;0;0;0;0;0;0;0;0;0;0;0;0;0;0;0;0;0;0;0;0
2026-01-09 10:16:00;1;2;18;909;0;0;0;0;0;0;0;0;0;0.10200000000000001;0.105;0.108;0.11;0.114;0.117;0;0;0;0;0;0;4.026317022173599e-37;0;0;0;0;0;0;500;700;950;1180;850;440;1250;450;595;840;795;750;800;800;800;0;3;0;0;0;0;3;4;0;50;60;20;10;0;0;0;0;3;4;0;50;60;20;10;0;0;0;0;2;1;0;7;8;6;5;0;0;0;0;0;0;0;0;0;0;0;0;0;0;0;0;0;0;0;0;0;0;0;4;0;0;0;0;4;2;0;7;6;8;9;0;0;0;0;0;0;0;0;0;0;0;0;0;0;0;0;0;0;0;0;0;0;0;0;0;0;0;0;0;0;0;0;0;0;0;0;0;0;0;0;0;0;0;0
2026-01-09 10:17:00;1;2;18;909;0;0;0;0;0;0;0;0;0;0.10200000000000001;0.105;0.108;0.11;0.114;0.117;0;0;0;0;0;0;4.026317022173599e-37;0;0;0;0;0;0;500;700;950;1180;850;440;1250;450;595;840;795;750;800;800;800;0;3;0;0;0;0;3;4;0;50;60;20;10;0;0;0;0;3;4;0;50;60;20;10;0;0;0;0;2;1;0;7;8;6;5;0;0;0;0;0;0;0;0;0;0;0;0;0;0;0;0;0;0;0;0;0;0;0;4;0;0;0;0;4;2;0;7;6;8;9;0;0;0;0;0;0;0;0;0;0;0;0;0;0;0;0;0;0;0;0;0;0;0;0;0;0;0;0;0;0;0;0;0;0;0;0;0;0;0;0;0;0;0;0
2026-01-09 10:18:00;1;2;18;909;0;0;0;0;0;0;0;0;0;0.10200000000000001;0.105;0.108;0.11;0.114;0.117;0;0;0;0;0;0;4.026317022173599e-37;0;0;0;0;0;0;500;700;950;1180;850;440;1250;450;595;840;795;750;800;800;800;0;3;0;0;0;0;3;4;0;50;60;20;10;0;0;0;0;3;4;0;50;60;20;10;0;0;0;0;2;1;0;7;8;6;5;0;0;0;0;0;0;0;0;0;0;0;0;0;0;0;0;0;0;0;0;0;0;0;4;0;0;0;0;4;2;0;7;6;8;9;0;0;0;0;0;0;0;0;0;0;0;0;0;0;0;0;0;0;0;0;0;0;0;0;0;0;0;0;0;0;0;0;0;0;0;0;0;0;0;0;0;0;0;0
2026-01-09 10:19:00;1;2;18;909;0;0;0;0;0;0;0;0;0;0.10200000000000001;0.105;0.108;0.11;0.114;0.117;0;0;0;0;0;0;4.026317022173599e-37;0;0;0;0;0;0;500;700;950;1180;850;440;1250;450;595;840;795;750;800;800;800;0;3;0;0;0;0;3;4;0;50;60;20;10;0;0;0;0;3;4;0;50;60;20;10;0;0;0;0;2;1;0;7;8;6;5;0;0;0;0;0;0;0;0;0;0;0;0;0;0;0;0;0;0;0;0;0;0;0;4;0;0;0;0;4;2;0;7;6;8;9;0;0;0;0;0;0;0;0;0;0;0;0;0;0;0;0;0;0;0;0;0;0;0;0;0;0;0;0;0;0;0;0;0;0;0;0;0;0;0;0;0;0;0;0
2026-01-09 10:20:00;1;2;18;909;0;0;0;0;0;0;0;0;0;0.10200000000000001;0.105;0.108;0.11;0.114;0.117;0;0;0;0;0;0;4.026317022173599e-37;0;0;0;0;0;0;500;700;950;1180;850;440;1250;450;595;840;795;750;800;800;800;0;3;0;0;0;0;3;4;0;50;60;20;10;0;0;0;0;3;4;0;50;60;20;10;0;0;0;0;2;1;0;7;8;6;5;0;0;0;0;0;0;0;0;0;0;0;0;0;0;0;0;0;0;0;0;0;0;0;4;0;0;0;0;4;2;0;7;6;8;9;0;0;0;0;0;0;0;0;0;0;0;0;0;0;0;0;0;0;0;0;0;0;0;0;0;0;0;0;0;0;0;0;0;0;0;0;0;0;0;0;0;0;0;0
2026-01-09 10:21:00;1;2;18;909;0;0;0;0;0;0;0;0;0;0.10200000000000001;0.105;0.108;0.11;0.114;0.117;0;0;0;0;0;0;4.026317022173599e-37;0;0;0;0;0;0;500;700;950;1180;850;440;1250;450;595;840;795;750;800;800;800;0;3;0;0;0;0;3;4;0;50;60;20;10;0;0;0;0;3;4;0;50;60;20;10;0;0;0;0;2;1;0;7;8;6;5;0;0;0;0;0;0;0;0;0;0;0;0;0;0;0;0;0;0;0;0;0;0;0;4;0;0;0;0;4;2;0;7;6;8;9;0;0;0;0;0;0;0;0;0;0;0;0;0;0;0;0;0;0;0;0;0;0;0;0;0;0;0;0;0;0;0;0;0;0;0;0;0;0;0;0;0;0;0;0
2026-01-09 10:22:00;1;2;18;909;0;0;0;0;0;0;0;0;0;0.10200000000000001;0.105;0.108;0.11;0.114;0.117;0;0;0;0;0;0;4.026317022173599e-37;0;0;0;0;0;0;500;700;950;1180;850;440;1250;450;595;840;795;750;800;800;800;0;3;0;0;0;0;3;4;0;50;60;20;10;0;0;0;0;3;4;0;50;60;20;10;0;0;0;0;2;1;0;7;8;6;5;0;0;0;0;0;0;0;0;0;0;0;0;0;0;0;0;0;0;0;0;0;0;0;4;0;0;0;0;4;2;0;7;6;8;9;0;0;0;0;0;0;0;0;0;0;0;0;0;0;0;0;0;0;0;0;0;0;0;0;0;0;0;0;0;0;0;0;0;0;0;0;0;0;0;0;0;0;0;0
2026-01-09 10:23:00;1;2;18;909;0;0;0;0;0;0;0;0;0;0.10200000000000001;0.105;0.108;0.11;0.114;0.117;0;0;0;0;0;0;4.026317022173599e-37;0;0;0;0;0;0;500;700;950;1180;850;440;1250;450;595;840;795;750;800;800;800;0;3;0;0;0;0;3;4;0;50;60;20;10;0;0;0;0;3;4;0;50;60;20;10;0;0;0;0;2;1;0;7;8;6;5;0;0;0;0;0;0;0;0;0;0;0;0;0;0;0;0;0;0;0;0;0;0;0;4;0;0;0;0;4;2;0;7;6;8;9;0;0;0;0;0;0;0;0;0;0;0;0;0;0;0;0;0;0;0;0;0;0;0;0;0;0;0;0;0;0;0;0;0;0;0;0;0;0;0;0;0;0;0;0
2026-01-09 10:24:00;1;2;18;909;0;0;0;0;0;0;0;0;0;0.10200000000000001;0.105;0.108;0.11;0.114;0.117;0;0;0;0;0;0;4.026317022173599e-37;0;0;0;0;0;0;500;700;950;1180;850;440;1250;450;595;840;795;750;800;800;800;0;3;0;0;0;0;3;4;0;50;60;20;10;0;0;0;0;3;4;0;50;60;20;10;0;0;0;0;2;1;0;7;8;6;5;0;0;0;0;0;0;0;0;0;0;0;0;0;0;0;0;0;0;0;0;0;0;0;4;0;0;0;0;4;2;0;7;6;8;9;0;0;0;0;0;0;0;0;0;0;0;0;0;0;0;0;0;0;0;0;0;0;0;0;0;0;0;0;0;0;0;0;0;0;0;0;0;0;0;0;0;0;0;0
2026-01-09 10:25:00;1;2;18;909;0;0;0;0;0;0;0;0;0;0.10200000000000001;0.105;0.108;0.11;0.114;0.117;0;0;0;0;0;0;4.026317022173599e-37;0;0;0;0;0;0;500;700;950;1180;850;440;1250;450;595;840;795;750;800;800;800;0;3;0;0;0;0;3;4;0;50;60;20;10;0;0;0;0;3;4;0;50;60;20;10;0;0;0;0;2;1;0;7;8;6;5;0;0;0;0;0;0;0;0;0;0;0;0;0;0;0;0;0;0;0;0;0;0;0;4;0;0;0;0;4;2;0;7;6;8;9;0;0;0;0;0;0;0;0;0;0;0;0;0;0;0;0;0;0;0;0;0;0;0;0;0;0;0;0;0;0;0;0;0;0;0;0;0;0;0;0;0;0;0;0
2026-01-09 10:26:00;1;2;18;909;0;0;0;0;0;0;0;0;0;0.10200000000000001;0.105;0.108;0.11;0.114;0.117;0;0;0;0;0;0;4.026317022173599e-37;0;0;0;0;0;0;500;700;950;1180;850;440;1250;450;595;840;795;750;800;800;800;0;3;0;0;0;0;3;4;0;50;60;20;10;0;0;0;0;3;4;0;50;60;20;10;0;0;0;0;2;1;0;7;8;6;5;0;0;0;0;0;0;0;0;0;0;0;0;0;0;0;0;0;0;0;0;0;0;0;4;0;0;0;0;4;2;0;7;6;8;9;0;0;0;0;0;0;0;0;0;0;0;0;0;0;0;0;0;0;0;0;0;0;0;0;0;0;0;0;0;0;0;0;0;0;0;0;0;0;0;0;0;0;0;0
2026-01-09 10:27:00;1;2;18;909;0;0;0;0;0;0;0;0;0;0.10200000000000001;0.105;0.108;0.11;0.114;0.117;0;0;0;0;0;0;4.026317022173599e-37;0;0;0;0;0;0;500;700;950;1180;850;440;1250;450;595;840;795;750;800;800;800;0;3;0;0;0;0;3;4;0;50;60;20;10;0;0;0;0;3;4;0;50;60;20;10;0;0;0;0;2;1;0;7;8;6;5;0;0;0;0;0;0;0;0;0;0;0;0;0;0;0;0;0;0;0;0;0;0;0;4;0;0;0;0;4;2;0;7;6;8;9;0;0;0;0;0;0;0;0;0;0;0;0;0;0;0;0;0;0;0;0;0;0;0;0;0;0;0;0;0;0;0;0;0;0;0;0;0;0;0;0;0;0;0;0
2026-01-09 10:28:00;1;2;18;909;0;0;0;0;0;0;0;0;0;0.10200000000000001;0.105;0.108;0.11;0.114;0.117;0;0;0;0;0;0;4.026317022173599e-37;0;0;0;0;0;0;500;700;950;1180;850;440;1250;450;595;840;795;750;800;800;800;0;3;0;0;0;0;3;4;0;50;60;20;10;0;0;0;0;3;4;0;50;60;20;10;0;0;0;0;2;1;0;7;8;6;5;0;0;0;0;0;0;0;0;0;0;0;0;0;0;0;0;0;0;0;0;0;0;0;4;0;0;0;0;4;2;0;7;6;8;9;0;0;0;0;0;0;0;0;0;0;0;0;0;0;0;0;0;0;0;0;0;0;0;0;0;0;0;0;0;0;0;0;0;0;0;0;0;0;0;0;0;0;0;0
2026-01-09 10:29:00;1;2;18;909;0;0;0;0;0;0;0;0;0;0.10200000000000001;0.105;0.108;0.11;0.114;0.117;0;0;0;0;0;0;4.026317022173599e-37;0;0;0;0;0;0;500;700;950;1180;850;440;1250;450;595;840;795;750;800;800;800;0;3;0;0;0;0;3;4;0;50;60;20;10;0;0;0;0;3;4;0;50;60;20;10;0;0;0;0;2;1;0;7;8;6;5;0;0;0;0;0;0;0;0;0;0;0;0;0;0;0;0;0;0;0;0;0;0;0;4;0;0;0;0;4;2;0;7;6;8;9;0;0;0;0;0;0;0;0;0;0;0;0;0;0;0;0;0;0;0;0;0;0;0;0;0;0;0;0;0;0;0;0;0;0;0;0;0;0;0;0;0;0;0;0
2026-01-09 10:30:00;1;2;18;909;0;0;0;0;0;0;0;0;0;0.10200000000000001;0.105;0.108;0.11;0.114;0.117;0;0;0;0;0;0;4.026317022173599e-37;0;0;0;0;0;0;500;700;950;1180;850;440;1250;450;595;840;795;750;800;800;800;0;3;0;0;0;0;3;4;0;50;60;20;10;0;0;0;0;3;4;0;50;60;20;10;0;0;0;0;2;1;0;7;8;6;5;0;0;0;0;0;0;0;0;0;0;0;0;0;0;0;0;0;0;0;0;0;0;0;4;0;0;0;0;4;2;0;7;6;8;9;0;0;0;0;0;0;0;0;0;0;0;0;0;0;0;0;0;0;0;0;0;0;0;0;0;0;0;0;0;0;0;0;0;0;0;0;0;0;0;0;0;0;0;0
2026-01-09 10:31:00;1;2;18;909;0;0;0;0;0;0;0;0;0;0.10200000000000001;0.105;0.108;0.11;0.114;0.117;0;0;0;0;0;0;4.026317022173599e-37;0;0;0;0;0;0;500;700;950;1180;850;440;1250;450;595;840;795;750;800;800;800;0;3;0;0;0;0;3;4;0;50;60;20;10;0;0;0;0;3;4;0;50;60;20;10;0;0;0;0;2;1;0;7;8;6;5;0;0;0;0;0;0;0;0;0;0;0;0;0;0;0;0;0;0;0;0;0;0;0;4;0;0;0;0;4;2;0;7;6;8;9;0;0;0;0;0;0;0;0;0;0;0;0;0;0;0;0;0;0;0;0;0;0;0;0;0;0;0;0;0;0;0;0;0;0;0;0;0;0;0;0;0;0;0;0
2026-01-09 10:32:00;1;2;18;909;0;0;0;0;0;0;0;0;0;0.10200000000000001;0.105;0.108;0.11;0.114;0.117;0;0;0;0;0;0;4.026317022173599e-37;0;0;0;0;0;0;500;700;950;1180;850;440;1250;450;595;840;795;750;800;800;800;0;3;0;0;0;0;3;4;0;50;60;20;10;0;0;0;0;3;4;0;50;60;20;10;0;0;0;0;2;1;0;7;8;6;5;0;0;0;0;0;0;0;0;0;0;0;0;0;0;0;0;0;0;0;0;0;0;0;4;0;0;0;0;4;2;0;7;6;8;9;0;0;0;0;0;0;0;0;0;0;0;0;0;0;0;0;0;0;0;0;0;0;0;0;0;0;0;0;0;0;0;0;0;0;0;0;0;0;0;0;0;0;0;0
2026-01-09 10:33:00;1;2;18;909;0;0;0;0;0;0;0;0;0;0.10200000000000001;0.105;0.108;0.11;0.114;0.117;0;0;0;0;0;0;4.026317022173599e-37;0;0;0;0;0;0;500;700;950;1180;850;440;1250;450;595;840;795;750;800;800;800;0;3;0;0;0;0;3;4;0;50;60;20;10;0;0;0;0;3;4;0;50;60;20;10;0;0;0;0;2;1;0;7;8;6;5;0;0;0;0;0;0;0;0;0;0;0;0;0;0;0;0;0;0;0;0;0;0;0;4;0;0;0;0;4;2;0;7;6;8;9;0;0;0;0;0;0;0;0;0;0;0;0;0;0;0;0;0;0;0;0;0;0;0;0;0;0;0;0;0;0;0;0;0;0;0;0;0;0;0;0;0;0;0;0
2026-01-09 10:34:00;1;2;18;909;0;0;0;0;0;0;0;0;0;0.10200000000000001;0.105;0.108;0.11;0.114;0.117;0;0;0;0;0;0;4.026317022173599e-37;0;0;0;0;0;0;500;700;950;1180;850;440;1250;450;595;840;795;750;800;800;800;0;3;0;0;0;0;3;4;0;50;60;20;10;0;0;0;0;3;4;0;50;60;20;10;0;0;0;0;2;1;0;7;8;6;5;0;0;0;0;0;0;0;0;0;0;0;0;0;0;0;0;0;0;0;0;0;0;0;4;0;0;0;0;4;2;0;7;6;8;9;0;0;0;0;0;0;0;0;0;0;0;0;0;0;0;0;0;0;0;0;0;0;0;0;0;0;0;0;0;0;0;0;0;0;0;0;0;0;0;0;0;0;0;0
2026-01-09 10:35:00;1;2;18;909;0;0;0;0;0;0;0;0;0;0.10200000000000001;0.105;0.108;0.11;0.114;0.117;0;0;0;0;0;0;4.026317022173599e-37;0;0;0;0;0;0;500;700;950;1180;850;440;1250;450;595;840;795;750;800;800;800;0;3;0;0;0;0;3;4;0;50;60;20;10;0;0;0;0;3;4;0;50;60;20;10;0;0;0;0;2;1;0;7;8;6;5;0;0;0;0;0;0;0;0;0;0;0;0;0;0;0;0;0;0;0;0;0;0;0;4;0;0;0;0;4;2;0;7;6;8;9;0;0;0;0;0;0;0;0;0;0;0;0;0;0;0;0;0;0;0;0;0;0;0;0;0;0;0;0;0;0;0;0;0;0;0;0;0;0;0;0;0;0;0;0
2026-01-09 10:36:00;1;2;18;909;0;0;0;0;0;0;0;0;0;0.10200000000000001;0.105;0.108;0.11;0.114;0.117;0;0;0;0;0;0;4.026317022173599e-37;0;0;0;0;0;0;500;700;950;1180;850;440;1250;450;595;840;795;750;800;800;800;0;3;0;0;0;0;3;4;0;50;60;20;10;0;0;0;0;3;4;0;50;60;20;10;0;0;0;0;2;1;0;7;8;6;5;0;0;0;0;0;0;0;0;0;0;0;0;0;0;0;0;0;0;0;0;0;0;0;4;0;0;0;0;4;2;0;7;6;8;9;0;0;0;0;0;0;0;0;0;0;0;0;0;0;0;0;0;0;0;0;0;0;0;0;0;0;0;0;0;0;0;0;0;0;0;0;0;0;0;0;0;0;0;0
2026-01-09 10:37:00;1;2;18;909;0;0;0;0;0;0;0;0;0;0.10200000000000001;0.105;0.108;0.11;0.114;0.117;0;0;0;0;0;0;4.026317022173599e-37;0;0;0;0;0;0;500;700;950;1180;850;440;1250;450;595;840;795;750;800;800;800;0;3;0;0;0;0;3;4;0;50;60;20;10;0;0;0;0;3;4;0;50;60;20;10;0;0;0;0;2;1;0;7;8;6;5;0;0;0;0;0;0;0;0;0;0;0;0;0;0;0;0;0;0;0;0;0;0;0;4;0;0;0;0;4;2;0;7;6;8;9;0;0;0;0;0;0;0;0;0;0;0;0;0;0;0;0;0;0;0;0;0;0;0;0;0;0;0;0;0;0;0;0;0;0;0;0;0;0;0;0;0;0;0;0
2026-01-09 10:38:00;1;2;18;909;0;0;0;0;0;0;0;0;0;0.10200000000000001;0.105;0.108;0.11;0.114;0.117;0;0;0;0;0;0;4.026317022173599e-37;0;0;0;0;0;0;500;700;950;1180;850;440;1250;450;595;840;795;750;800;800;800;0;3;0;0;0;0;3;4;0;50;60;20;10;0;0;0;0;3;4;0;50;60;20;10;0;0;0;0;2;1;0;7;8;6;5;0;0;0;0;0;0;0;0;0;0;0;0;0;0;0;0;0;0;0;0;0;0;0;4;0;0;0;0;4;2;0;7;6;8;9;0;0;0;0;0;0;0;0;0;0;0;0;0;0;0;0;0;0;0;0;0;0;0;0;0;0;0;0;0;0;0;0;0;0;0;0;0;0;0;0;0;0;0;0
2026-01-09 10:39:00;1;2;18;909;0;0;0;0;0;0;0;0;0;0.10200000000000001;0.105;0.108;0.11;0.114;0.117;0;0;0;0;0;0;4.026317022173599e-37;0;0;0;0;0;0;500;700;950;1180;850;440;1250;450;595;840;795;750;800;800;800;0;3;0;0;0;0;3;4;0;50;60;20;10;0;0;0;0;3;4;0;50;60;20;10;0;0;0;0;2;1;0;7;8;6;5;0;0;0;0;0;0;0;0;0;0;0;0;0;0;0;0;0;0;0;0;0;0;0;4;0;0;0;0;4;2;0;7;6;8;9;0;0;0;0;0;0;0;0;0;0;0;0;0;0;0;0;0;0;0;0;0;0;0;0;0;0;0;0;0;0;0;0;0;0;0;0;0;0;0;0;0;0;0;0
2026-01-09 10:40:00;1;2;18;909;0;0;0;0;0;0;0;0;0;0.10200000000000001;0.105;0.108;0.11;0.114;0.117;0;0;0;0;0;0;4.026317022173599e-37;0;0;0;0;0;0;500;700;950;1180;850;440;1250;450;595;840;795;750;800;800;800;0;3;0;0;0;0;3;4;0;50;60;20;10;0;0;0;0;3;4;0;50;60;20;10;0;0;0;0;2;1;0;7;8;6;5;0;0;0;0;0;0;0;0;0;0;0;0;0;0;0;0;0;0;0;0;0;0;0;4;0;0;0;0;4;2;0;7;6;8;9;0;0;0;0;0;0;0;0;0;0;0;0;0;0;0;0;0;0;0;0;0;0;0;0;0;0;0;0;0;0;0;0;0;0;0;0;0;0;0;0;0;0;0;0
2026-01-09 10:41:00;1;2;18;909;0;0;0;0;0;0;0;0;0;0.10200000000000001;0.105;0.108;0.11;0.114;0.117;0;0;0;0;0;0;4.026317022173599e-37;0;0;0;0;0;0;500;700;950;1180;850;440;1250;450;595;840;795;750;800;800;800;0;3;0;0;0;0;3;4;0;50;60;20;10;0;0;0;0;3;4;0;50;60;20;10;0;0;0;0;2;1;0;7;8;6;5;0;0;0;0;0;0;0;0;0;0;0;0;0;0;0;0;0;0;0;0;0;0;0;4;0;0;0;0;4;2;0;7;6;8;9;0;0;0;0;0;0;0;0;0;0;0;0;0;0;0;0;0;0;0;0;0;0;0;0;0;0;0;0;0;0;0;0;0;0;0;0;0;0;0;0;0;0;0;0
2026-01-09 10:42:00;1;2;18;909;0;0;0;0;0;0;0;0;0;0.10200000000000001;0.105;0.108;0.11;0.114;0.117;0;0;0;0;0;0;4.026317022173599e-37;0;0;0;0;0;0;500;700;950;1180;850;440;1250;450;595;840;795;750;800;800;800;0;3;0;0;0;0;3;4;0;50;60;20;10;0;0;0;0;3;4;0;50;60;20;10;0;0;0;0;2;1;0;7;8;6;5;0;0;0;0;0;0;0;0;0;0;0;0;0;0;0;0;0;0;0;0;0;0;0;4;0;0;0;0;4;2;0;7;6;8;9;0;0;0;0;0;0;0;0;0;0;0;0;0;0;0;0;0;0;0;0;0;0;0;0;0;0;0;0;0;0;0;0;0;0;0;0;0;0;0;0;0;0;0;0
2026-01-09 10:43:00;1;2;18;909;0;0;0;0;0;0;0;0;0;0.10200000000000001;0.105;0.108;0.11;0.114;0.117;0;0;0;0;0;0;4.026317022173599e-37;0;0;0;0;0;0;500;700;950;1180;850;440;1250;450;595;840;795;750;800;800;800;0;3;0;0;0;0;3;4;0;50;60;20;10;0;0;0;0;3;4;0;50;60;20;10;0;0;0;0;2;1;0;7;8;6;5;0;0;0;0;0;0;0;0;0;0;0;0;0;0;0;0;0;0;0;0;0;0;0;4;0;0;0;0;4;2;0;7;6;8;9;0;0;0;0;0;0;0;0;0;0;0;0;0;0;0;0;0;0;0;0;0;0;0;0;0;0;0;0;0;0;0;0;0;0;0;0;0;0;0;0;0;0;0;0
2026-01-09 10:44:00;1;2;18;909;0;0;0;0;0;0;0;0;0;0.10200000000000001;0.105;0.108;0.11;0.114;0.117;0;0;0;0;0;0;4.026317022173599e-37;0;0;0;0;0;0;500;700;950;1180;850;440;1250;450;595;840;795;750;800;800;800;0;3;0;0;0;0;3;4;0;50;60;20;10;0;0;0;0;3;4;0;50;60;20;10;0;0;0;0;2;1;0;7;8;6;5;0;0;0;0;0;0;0;0;0;0;0;0;0;0;0;0;0;0;0;0;0;0;0;4;0;0;0;0;4;2;0;7;6;8;9;0;0;0;0;0;0;0;0;0;0;0;0;0;0;0;0;0;0;0;0;0;0;0;0;0;0;0;0;0;0;0;0;0;0;0;0;0;0;0;0;0;0;0;0
2026-01-09 10:45:00;1;2;18;909;0;0;0;0;0;0;0;0;0;0.10200000000000001;0.105;0.108;0.11;0.114;0.117;0;0;0;0;0;0;4.026317022173599e-37;0;0;0;0;0;0;500;700;950;1180;850;440;1250;450;595;840;795;750;800;800;800;0;3;0;0;0;0;3;4;0;50;60;20;10;0;0;0;0;3;4;0;50;60;20;10;0;0;0;0;2;1;0;7;8;6;5;0;0;0;0;0;0;0;0;0;0;0;0;0;0;0;0;0;0;0;0;0;0;0;4;0;0;0;0;4;2;0;7;6;8;9;0;0;0;0;0;0;0;0;0;0;0;0;0;0;0;0;0;0;0;0;0;0;0;0;0;0;0;0;0;0;0;0;0;0;0;0;0;0;0;0;0;0;0;0
2026-01-09 10:46:00;1;2;18;909;0;0;0;0;0;0;0;0;0;0.10200000000000001;0.105;0.108;0.11;0.114;0.117;0;0;0;0;0;0;4.026317022173599e-37;0;0;0;0;0;0;500;700;950;1180;850;440;1250;450;595;840;795;750;800;800;800;0;3;0;0;0;0;3;4;0;50;60;20;10;0;0;0;0;3;4;0;50;60;20;10;0;0;0;0;2;1;0;7;8;6;5;0;0;0;0;0;0;0;0;0;0;0;0;0;0;0;0;0;0;0;0;0;0;0;4;0;0;0;0;4;2;0;7;6;8;9;0;0;0;0;0;0;0;0;0;0;0;0;0;0;0;0;0;0;0;0;0;0;0;0;0;0;0;0;0;0;0;0;0;0;0;0;0;0;0;0;0;0;0;0
2026-01-09 10:47:00;1;2;18;909;0;0;0;0;0;0;0;0;0;0.10200000000000001;0.105;0.108;0.11;0.114;0.117;0;0;0;0;0;0;4.026317022173599e-37;0;0;0;0;0;0;500;700;950;1180;850;440;1250;450;595;840;795;750;800;800;800;0;3;0;0;0;0;3;4;0;50;60;20;10;0;0;0;0;3;4;0;50;60;20;10;0;0;0;0;2;1;0;7;8;6;5;0;0;0;0;0;0;0;0;0;0;0;0;0;0;0;0;0;0;0;0;0;0;0;4;0;0;0;0;4;2;0;7;6;8;9;0;0;0;0;0;0;0;0;0;0;0;0;0;0;0;0;0;0;0;0;0;0;0;0;0;0;0;0;0;0;0;0;0;0;0;0;0;0;0;0;0;0;0;0
2026-01-09 10:48:00;1;2;18;909;0;0;0;0;0;0;0;0;0;0.10200000000000001;0.105;0.108;0.11;0.114;0.117;0;0;0;0;0;0;4.026317022173599e-37;0;0;0;0;0;0;500;700;950;1180;850;440;1250;450;595;840;795;750;800;800;800;0;3;0;0;0;0;3;4;0;50;60;20;10;0;0;0;0;3;4;0;50;60;20;10;0;0;0;0;2;1;0;7;8;6;5;0;0;0;0;0;0;0;0;0;0;0;0;0;0;0;0;0;0;0;0;0;0;0;4;0;0;0;0;4;2;0;7;6;8;9;0;0;0;0;0;0;0;0;0;0;0;0;0;0;0;0;0;0;0;0;0;0;0;0;0;0;0;0;0;0;0;0;0;0;0;0;0;0;0;0;0;0;0;0
2026-01-09 10:49:00;1;2;18;909;0;0;0;0;0;0;0;0;0;0.10200000000000001;0.105;0.108;0.11;0.114;0.117;0;0;0;0;0;0;4.026317022173599e-37;0;0;0;0;0;0;500;700;950;1180;850;440;1250;450;595;840;795;750;800;800;800;0;3;0;0;0;0;3;4;0;50;60;20;10;0;0;0;0;3;4;0;50;60;20;10;0;0;0;0;2;1;0;7;8;6;5;0;0;0;0;0;0;0;0;0;0;0;0;0;0;0;0;0;0;0;0;0;0;0;4;0;0;0;0;4;2;0;7;6;8;9;0;0;0;0;0;0;0;0;0;0;0;0;0;0;0;0;0;0;0;0;0;0;0;0;0;0;0;0;0;0;0;0;0;0;0;0;0;0;0;0;0;0;0;0
2026-01-09 10:50:00;1;2;18;909;0;0;0;0;0;0;0;0;0;0.10200000000000001;0.105;0.108;0.11;0.114;0.117;0;0;0;0;0;0;4.026317022173599e-37;0;0;0;0;0;0;500;700;950;1180;850;440;1250;450;595;840;795;750;800;800;800;0;3;0;0;0;0;3;4;0;50;60;20;10;0;0;0;0;3;4;0;50;60;20;10;0;0;0;0;2;1;0;7;8;6;5;0;0;0;0;0;0;0;0;0;0;0;0;0;0;0;0;0;0;0;0;0;0;0;4;0;0;0;0;4;2;0;7;6;8;9;0;0;0;0;0;0;0;0;0;0;0;0;0;0;0;0;0;0;0;0;0;0;0;0;0;0;0;0;0;0;0;0;0;0;0;0;0;0;0;0;0;0;0;0
2026-01-09 10:51:00;1;2;18;909;0;0;0;0;0;0;0;0;0;0.10200000000000001;0.105;0.108;0.11;0.114;0.117;0;0;0;0;0;0;4.026317022173599e-37;0;0;0;0;0;0;500;700;950;1180;850;440;1250;450;595;840;795;750;800;800;800;0;3;0;0;0;0;3;4;0;50;60;20;10;0;0;0;0;3;4;0;50;60;20;10;0;0;0;0;2;1;0;7;8;6;5;0;0;0;0;0;0;0;0;0;0;0;0;0;0;0;0;0;0;0;0;0;0;0;4;0;0;0;0;4;2;0;7;6;8;9;0;0;0;0;0;0;0;0;0;0;0;0;0;0;0;0;0;0;0;0;0;0;0;0;0;0;0;0;0;0;0;0;0;0;0;0;0;0;0;0;0;0;0;0
2026-01-09 10:52:00;1;2;18;909;0;0;0;0;0;0;0;0;0;0.10200000000000001;0.105;0.108;0.11;0.114;0.117;0;0;0;0;0;0;4.026317022173599e-37;0;0;0;0;0;0;500;700;950;1180;850;440;1250;450;595;840;795;750;800;800;800;0;3;0;0;0;0;3;4;0;50;60;20;10;0;0;0;0;3;4;0;50;60;20;10;0;0;0;0;2;1;0;7;8;6;5;0;0;0;0;0;0;0;0;0;0;0;0;0;0;0;0;0;0;0;0;0;0;0;4;0;0;0;0;4;2;0;7;6;8;9;0;0;0;0;0;0;0;0;0;0;0;0;0;0;0;0;0;0;0;0;0;0;0;0;0;0;0;0;0;0;0;0;0;0;0;0;0;0;0;0;0;0;0;0
2026-01-09 10:53:00;1;2;18;909;0;0;0;0;0;0;0;0;0;0.10200000000000001;0.105;0.108;0.11;0.114;0.117;0;0;0;0;0;0;4.026317022173599e-37;0;0;0;0;0;0;500;700;950;1180;850;440;1250;450;595;840;795;750;800;800;800;0;3;0;0;0;0;3;4;0;50;60;20;10;0;0;0;0;3;4;0;50;60;20;10;0;0;0;0;2;1;0;7;8;6;5;0;0;0;0;0;0;0;0;0;0;0;0;0;0;0;0;0;0;0;0;0;0;0;4;0;0;0;0;4;2;0;7;6;8;9;0;0;0;0;0;0;0;0;0;0;0;0;0;0;0;0;0;0;0;0;0;0;0;0;0;0;0;0;0;0;0;0;0;0;0;0;0;0;0;0;0;0;0;0
2026-01-09 10:54:00;1;2;18;909;0;0;0;0;0;0;0;0;0;0.10200000000000001;0.105;0.108;0.11;0.114;0.117;0;0;0;0;0;0;4.026317022173599e-37;0;0;0;0;0;0;500;700;950;1180;850;440;1250;450;595;840;795;750;800;800;800;0;3;0;0;0;0;3;4;0;50;60;20;10;0;0;0;0;3;4;0;50;60;20;10;0;0;0;0;2;1;0;7;8;6;5;0;0;0;0;0;0;0;0;0;0;0;0;0;0;0;0;0;0;0;0;0;0;0;4;0;0;0;0;4;2;0;7;6;8;9;0;0;0;0;0;0;0;0;0;0;0;0;0;0;0;0;0;0;0;0;0;0;0;0;0;0;0;0;0;0;0;0;0;0;0;0;0;0;0;0;0;0;0;0
2026-01-09 10:55:00;1;2;18;909;0;0;0;0;0;0;0;0;0;0.10200000000000001;0.105;0.108;0.11;0.114;0.117;0;0;0;0;0;0;4.026317022173599e-37;0;0;0;0;0;0;500;700;950;1180;850;440;1250;450;595;840;795;750;800;800;800;0;3;0;0;0;0;3;4;0;50;60;20;10;0;0;0;0;3;4;0;50;60;20;10;0;0;0;0;2;1;0;7;8;6;5;0;0;0;0;0;0;0;0;0;0;0;0;0;0;0;0;0;0;0;0;0;0;0;4;0;0;0;0;4;2;0;7;6;8;9;0;0;0;0;0;0;0;0;0;0;0;0;0;0;0;0;0;0;0;0;0;0;0;0;0;0;0;0;0;0;0;0;0;0;0;0;0;0;0;0;0;0;0;0
2026-01-09 10:56:00;1;2;18;909;0;0;0;0;0;0;0;0;0;0.10200000000000001;0.105;0.108;0.11;0.114;0.117;0;0;0;0;0;0;4.026317022173599e-37;0;0;0;0;0;0;500;700;950;1180;850;440;1250;450;595;840;795;750;800;800;800;0;3;0;0;0;0;3;4;0;50;60;20;10;0;0;0;0;3;4;0;50;60;20;10;0;0;0;0;2;1;0;7;8;6;5;0;0;0;0;0;0;0;0;0;0;0;0;0;0;0;0;0;0;0;0;0;0;0;4;0;0;0;0;4;2;0;7;6;8;9;0;0;0;0;0;0;0;0;0;0;0;0;0;0;0;0;0;0;0;0;0;0;0;0;0;0;0;0;0;0;0;0;0;0;0;0;0;0;0;0;0;0;0;0
2026-01-09 10:57:00;1;2;18;909;0;0;0;0;0;0;0;0;0;0.10200000000000001;0.105;0.108;0.11;0.114;0.117;0;0;0;0;0;0;4.026317022173599e-37;0;0;0;0;0;0;500;700;950;1180;850;440;1250;450;595;840;795;750;800;800;800;0;3;0;0;0;0;3;4;0;50;60;20;10;0;0;0;0;3;4;0;50;60;20;10;0;0;0;0;2;1;0;7;8;6;5;0;0;0;0;0;0;0;0;0;0;0;0;0;0;0;0;0;0;0;0;0;0;0;4;0;0;0;0;4;2;0;7;6;8;9;0;0;0;0;0;0;0;0;0;0;0;0;0;0;0;0;0;0;0;0;0;0;0;0;0;0;0;0;0;0;0;0;0;0;0;0;0;0;0;0;0;0;0;0
2026-01-09 10:58:00;1;2;18;909;0;0;0;0;0;0;0;0;0;0.10200000000000001;0.105;0.108;0.11;0.114;0.117;0;0;0;0;0;0;4.026317022173599e-37;0;0;0;0;0;0;500;700;950;1180;850;440;1250;450;595;840;795;750;800;800;800;0;3;0;0;0;0;3;4;0;50;60;20;10;0;0;0;0;3;4;0;50;60;20;10;0;0;0;0;2;1;0;7;8;6;5;0;0;0;0;0;0;0;0;0;0;0;0;0;0;0;0;0;0;0;0;0;0;0;4;0;0;0;0;4;2;0;7;6;8;9;0;0;0;0;0;0;0;0;0;0;0;0;0;0;0;0;0;0;0;0;0;0;0;0;0;0;0;0;0;0;0;0;0;0;0;0;0;0;0;0;0;0;0;0
2026-01-09 10:59:00;1;2;18;909;0;0;0;0;0;0;0;0;0;0.10200000000000001;0.105;0.108;0.11;0.114;0.117;0;0;0;0;0;0;4.026317022173599e-37;0;0;0;0;0;0;500;700;950;1180;850;440;1250;450;595;840;795;750;800;800;800;0;3;0;0;0;0;3;4;0;50;60;20;10;0;0;0;0;3;4;0;50;60;20;10;0;0;0;0;2;1;0;7;8;6;5;0;0;0;0;0;0;0;0;0;0;0;0;0;0;0;0;0;0;0;0;0;0;0;4;0;0;0;0;4;2;0;7;6;8;9;0;0;0;0;0;0;0;0;0;0;0;0;0;0;0;0;0;0;0;0;0;0;0;0;0;0;0;0;0;0;0;0;0;0;0;0;0;0;0;0;0;0;0;0
2026-01-09 11:00:00;1;2;18;909;0;0;0;0;0;0;0;0;0;0.10200000000000001;0.105;0.108;0.11;0.114;0.117;0;0;0;0;0;0;4.026317022173599e-37;0;0;0;0;0;0;500;700;950;1180;850;440;1250;450;595;840;795;750;800;800;800;0;3;0;0;0;0;3;4;0;50;60;20;10;0;0;0;0;3;4;0;50;60;20;10;0;0;0;0;2;1;0;7;8;6;5;0;0;0;0;0;0;0;0;0;0;0;0;0;0;0;0;0;0;0;0;0;0;0;4;0;0;0;0;4;2;0;7;6;8;9;0;0;0;0;0;0;0;0;0;0;0;0;0;0;0;0;0;0;0;0;0;0;0;0;0;0;0;0;0;0;0;0;0;0;0;0;0;0;0;0;0;0;0;0
2026-01-09 11:01:00;1;2;18;909;0;0;0;0;0;0;0;0;0;0.10200000000000001;0.105;0.108;0.11;0.114;0.117;0;0;0;0;0;0;4.026317022173599e-37;0;0;0;0;0;0;500;700;950;1180;850;440;1250;450;595;840;795;750;800;800;800;0;3;0;0;0;0;3;4;0;50;60;20;10;0;0;0;0;3;4;0;50;60;20;10;0;0;0;0;2;1;0;7;8;6;5;0;0;0;0;0;0;0;0;0;0;0;0;0;0;0;0;0;0;0;0;0;0;0;4;0;0;0;0;4;2;0;7;6;8;9;0;0;0;0;0;0;0;0;0;0;0;0;0;0;0;0;0;0;0;0;0;0;0;0;0;0;0;0;0;0;0;0;0;0;0;0;0;0;0;0;0;0;0;0
2026-01-09 11:02:00;1;2;18;909;0;0;0;0;0;0;0;0;0;0.10200000000000001;0.105;0.108;0.11;0.114;0.117;0;0;0;0;0;0;4.026317022173599e-37;0;0;0;0;0;0;500;700;950;1180;850;440;1250;450;595;840;795;750;800;800;800;0;3;0;0;0;0;3;4;0;50;60;20;10;0;0;0;0;3;4;0;50;60;20;10;0;0;0;0;2;1;0;7;8;6;5;0;0;0;0;0;0;0;0;0;0;0;0;0;0;0;0;0;0;0;0;0;0;0;4;0;0;0;0;4;2;0;7;6;8;9;0;0;0;0;0;0;0;0;0;0;0;0;0;0;0;0;0;0;0;0;0;0;0;0;0;0;0;0;0;0;0;0;0;0;0;0;0;0;0;0;0;0;0;0
2026-01-09 11:03:00;1;2;18;909;0;0;0;0;0;0;0;0;0;0.10200000000000001;0.105;0.108;0.11;0.114;0.117;0;0;0;0;0;0;4.026317022173599e-37;0;0;0;0;0;0;500;700;950;1180;850;440;1250;450;595;840;795;750;800;800;800;0;3;0;0;0;0;3;4;0;50;60;20;10;0;0;0;0;3;4;0;50;60;20;10;0;0;0;0;2;1;0;7;8;6;5;0;0;0;0;0;0;0;0;0;0;0;0;0;0;0;0;0;0;0;0;0;0;0;4;0;0;0;0;4;2;0;7;6;8;9;0;0;0;0;0;0;0;0;0;0;0;0;0;0;0;0;0;0;0;0;0;0;0;0;0;0;0;0;0;0;0;0;0;0;0;0;0;0;0;0;0;0;0;0
2026-01-09 11:04:00;1;2;18;909;0;0;0;0;0;0;0;0;0;0.10200000000000001;0.105;0.108;0.11;0.114;0.117;0;0;0;0;0;0;4.026317022173599e-37;0;0;0;0;0;0;500;700;950;1180;850;440;1250;450;595;840;795;750;800;800;800;0;3;0;0;0;0;3;4;0;50;60;20;10;0;0;0;0;3;4;0;50;60;20;10;0;0;0;0;2;1;0;7;8;6;5;0;0;0;0;0;0;0;0;0;0;0;0;0;0;0;0;0;0;0;0;0;0;0;4;0;0;0;0;4;2;0;7;6;8;9;0;0;0;0;0;0;0;0;0;0;0;0;0;0;0;0;0;0;0;0;0;0;0;0;0;0;0;0;0;0;0;0;0;0;0;0;0;0;0;0;0;0;0;0
2026-01-09 11:05:00;1;2;18;909;0;0;0;0;0;0;0;0;0;0.10200000000000001;0.105;0.108;0.11;0.114;0.117;0;0;0;0;0;0;4.026317022173599e-37;0;0;0;0;0;0;500;700;950;1180;850;440;1250;450;595;840;795;750;800;800;800;0;3;0;0;0;0;3;4;0;50;60;20;10;0;0;0;0;3;4;0;50;60;20;10;0;0;0;0;2;1;0;7;8;6;5;0;0;0;0;0;0;0;0;0;0;0;0;0;0;0;0;0;0;0;0;0;0;0;4;0;0;0;0;4;2;0;7;6;8;9;0;0;0;0;0;0;0;0;0;0;0;0;0;0;0;0;0;0;0;0;0;0;0;0;0;0;0;0;0;0;0;0;0;0;0;0;0;0;0;0;0;0;0;0
2026-01-09 11:06:00;1;2;18;909;0;0;0;0;0;0;0;0;0;0.10200000000000001;0.105;0.108;0.11;0.114;0.117;0;0;0;0;0;0;4.026317022173599e-37;0;0;0;0;0;0;500;700;950;1180;850;440;1250;450;595;840;795;750;800;800;800;0;3;0;0;0;0;3;4;0;50;60;20;10;0;0;0;0;3;4;0;50;60;20;10;0;0;0;0;2;1;0;7;8;6;5;0;0;0;0;0;0;0;0;0;0;0;0;0;0;0;0;0;0;0;0;0;0;0;4;0;0;0;0;4;2;0;7;6;8;9;0;0;0;0;0;0;0;0;0;0;0;0;0;0;0;0;0;0;0;0;0;0;0;0;0;0;0;0;0;0;0;0;0;0;0;0;0;0;0;0;0;0;0;0
2026-01-09 11:07:00;1;2;18;909;0;0;0;0;0;0;0;0;0;0.10200000000000001;0.105;0.108;0.11;0.114;0.117;0;0;0;0;0;0;4.026317022173599e-37;0;0;0;0;0;0;500;700;950;1180;850;440;1250;450;595;840;795;750;800;800;800;0;3;0;0;0;0;3;4;0;50;60;20;10;0;0;0;0;3;4;0;50;60;20;10;0;0;0;0;2;1;0;7;8;6;5;0;0;0;0;0;0;0;0;0;0;0;0;0;0;0;0;0;0;0;0;0;0;0;4;0;0;0;0;4;2;0;7;6;8;9;0;0;0;0;0;0;0;0;0;0;0;0;0;0;0;0;0;0;0;0;0;0;0;0;0;0;0;0;0;0;0;0;0;0;0;0;0;0;0;0;0;0;0;0
2026-01-09 11:08:00;1;2;18;909;0;0;0;0;0;0;0;0;0;0.10200000000000001;0.105;0.108;0.11;0.114;0.117;0;0;0;0;0;0;4.026317022173599e-37;0;0;0;0;0;0;500;700;950;1180;850;440;1250;450;595;840;795;750;800;800;800;0;3;0;0;0;0;3;4;0;50;60;20;10;0;0;0;0;3;4;0;50;60;20;10;0;0;0;0;2;1;0;7;8;6;5;0;0;0;0;0;0;0;0;0;0;0;0;0;0;0;0;0;0;0;0;0;0;0;4;0;0;0;0;4;2;0;7;6;8;9;0;0;0;0;0;0;0;0;0;0;0;0;0;0;0;0;0;0;0;0;0;0;0;0;0;0;0;0;0;0;0;0;0;0;0;0;0;0;0;0;0;0;0;0
2026-01-09 11:09:00;1;2;18;909;0;0;0;0;0;0;0;0;0;0.10200000000000001;0.105;0.108;0.11;0.114;0.117;0;0;0;0;0;0;4.026317022173599e-37;0;0;0;0;0;0;500;700;950;1180;850;440;1250;450;595;840;795;750;800;800;800;0;3;0;0;0;0;3;4;0;50;60;20;10;0;0;0;0;3;4;0;50;60;20;10;0;0;0;0;2;1;0;7;8;6;5;0;0;0;0;0;0;0;0;0;0;0;0;0;0;0;0;0;0;0;0;0;0;0;4;0;0;0;0;4;2;0;7;6;8;9;0;0;0;0;0;0;0;0;0;0;0;0;0;0;0;0;0;0;0;0;0;0;0;0;0;0;0;0;0;0;0;0;0;0;0;0;0;0;0;0;0;0;0;0
2026-01-09 11:10:00;1;2;18;909;0;0;0;0;0;0;0;0;0;0.10200000000000001;0.105;0.108;0.11;0.114;0.117;0;0;0;0;0;0;4.026317022173599e-37;0;0;0;0;0;0;500;700;950;1180;850;440;1250;450;595;840;795;750;800;800;800;0;3;0;0;0;0;3;4;0;50;60;20;10;0;0;0;0;3;4;0;50;60;20;10;0;0;0;0;2;1;0;7;8;6;5;0;0;0;0;0;0;0;0;0;0;0;0;0;0;0;0;0;0;0;0;0;0;0;4;0;0;0;0;4;2;0;7;6;8;9;0;0;0;0;0;0;0;0;0;0;0;0;0;0;0;0;0;0;0;0;0;0;0;0;0;0;0;0;0;0;0;0;0;0;0;0;0;0;0;0;0;0;0;0
2026-01-09 11:11:00;1;2;18;909;0;0;0;0;0;0;0;0;0;0.10200000000000001;0.105;0.108;0.11;0.114;0.117;0;0;0;0;0;0;4.026317022173599e-37;0;0;0;0;0;0;500;700;950;1180;850;440;1250;450;595;840;795;750;800;800;800;0;3;0;0;0;0;3;4;0;50;60;20;10;0;0;0;0;3;4;0;50;60;20;10;0;0;0;0;2;1;0;7;8;6;5;0;0;0;0;0;0;0;0;0;0;0;0;0;0;0;0;0;0;0;0;0;0;0;4;0;0;0;0;4;2;0;7;6;8;9;0;0;0;0;0;0;0;0;0;0;0;0;0;0;0;0;0;0;0;0;0;0;0;0;0;0;0;0;0;0;0;0;0;0;0;0;0;0;0;0;0;0;0;0
2026-01-09 11:12:00;1;2;18;909;0;0;0;0;0;0;0;0;0;0.10200000000000001;0.105;0.108;0.11;0.114;0.117;0;0;0;0;0;0;4.026317022173599e-37;0;0;0;0;0;0;500;700;950;1180;850;440;1250;450;595;840;795;750;800;800;800;0;3;0;0;0;0;3;4;0;50;60;20;10;0;0;0;0;3;4;0;50;60;20;10;0;0;0;0;2;1;0;7;8;6;5;0;0;0;0;0;0;0;0;0;0;0;0;0;0;0;0;0;0;0;0;0;0;0;4;0;0;0;0;4;2;0;7;6;8;9;0;0;0;0;0;0;0;0;0;0;0;0;0;0;0;0;0;0;0;0;0;0;0;0;0;0;0;0;0;0;0;0;0;0;0;0;0;0;0;0;0;0;0;0
2026-01-09 11:13:00;1;2;18;909;0;0;0;0;0;0;0;0;0;0.10200000000000001;0.105;0.108;0.11;0.114;0.117;0;0;0;0;0;0;4.026317022173599e-37;0;0;0;0;0;0;500;700;950;1180;850;440;1250;450;595;840;795;750;800;800;800;0;3;0;0;0;0;3;4;0;50;60;20;10;0;0;0;0;3;4;0;50;60;20;10;0;0;0;0;2;1;0;7;8;6;5;0;0;0;0;0;0;0;0;0;0;0;0;0;0;0;0;0;0;0;0;0;0;0;4;0;0;0;0;4;2;0;7;6;8;9;0;0;0;0;0;0;0;0;0;0;0;0;0;0;0;0;0;0;0;0;0;0;0;0;0;0;0;0;0;0;0;0;0;0;0;0;0;0;0;0;0;0;0;0
2026-01-09 11:14:00;1;2;18;909;0;0;0;0;0;0;0;0;0;0.10200000000000001;0.105;0.108;0.11;0.114;0.117;0;0;0;0;0;0;4.026317022173599e-37;0;0;0;0;0;0;500;700;950;1180;850;440;1250;450;595;840;795;750;800;800;800;0;3;0;0;0;0;3;4;0;50;60;20;10;0;0;0;0;3;4;0;50;60;20;10;0;0;0;0;2;1;0;7;8;6;5;0;0;0;0;0;0;0;0;0;0;0;0;0;0;0;0;0;0;0;0;0;0;0;4;0;0;0;0;4;2;0;7;6;8;9;0;0;0;0;0;0;0;0;0;0;0;0;0;0;0;0;0;0;0;0;0;0;0;0;0;0;0;0;0;0;0;0;0;0;0;0;0;0;0;0;0;0;0;0
2026-01-09 11:15:00;1;2;18;909;0;0;0;0;0;0;0;0;0;0.10200000000000001;0.105;0.108;0.11;0.114;0.117;0;0;0;0;0;0;4.026317022173599e-37;0;0;0;0;0;0;500;700;950;1180;850;440;1250;450;595;840;795;750;800;800;800;0;3;0;0;0;0;3;4;0;50;60;20;10;0;0;0;0;3;4;0;50;60;20;10;0;0;0;0;2;1;0;7;8;6;5;0;0;0;0;0;0;0;0;0;0;0;0;0;0;0;0;0;0;0;0;0;0;0;4;0;0;0;0;4;2;0;7;6;8;9;0;0;0;0;0;0;0;0;0;0;0;0;0;0;0;0;0;0;0;0;0;0;0;0;0;0;0;0;0;0;0;0;0;0;0;0;0;0;0;0;0;0;0;0
2026-01-09 11:16:00;1;2;18;909;0;0;0;0;0;0;0;0;0;0.10200000000000001;0.105;0.108;0.11;0.114;0.117;0;0;0;0;0;0;4.026317022173599e-37;0;0;0;0;0;0;500;700;950;1180;850;440;1250;450;595;840;795;750;800;800;800;0;3;0;0;0;0;3;4;0;50;60;20;10;0;0;0;0;3;4;0;50;60;20;10;0;0;0;0;2;1;0;7;8;6;5;0;0;0;0;0;0;0;0;0;0;0;0;0;0;0;0;0;0;0;0;0;0;0;4;0;0;0;0;4;2;0;7;6;8;9;0;0;0;0;0;0;0;0;0;0;0;0;0;0;0;0;0;0;0;0;0;0;0;0;0;0;0;0;0;0;0;0;0;0;0;0;0;0;0;0;0;0;0;0
2026-01-09 11:17:00;1;2;18;909;0;0;0;0;0;0;0;0;0;0.10200000000000001;0.105;0.108;0.11;0.114;0.117;0;0;0;0;0;0;4.026317022173599e-37;0;0;0;0;0;0;500;700;950;1180;850;440;1250;450;595;840;795;750;800;800;800;0;3;0;0;0;0;3;4;0;50;60;20;10;0;0;0;0;3;4;0;50;60;20;10;0;0;0;0;2;1;0;7;8;6;5;0;0;0;0;0;0;0;0;0;0;0;0;0;0;0;0;0;0;0;0;0;0;0;4;0;0;0;0;4;2;0;7;6;8;9;0;0;0;0;0;0;0;0;0;0;0;0;0;0;0;0;0;0;0;0;0;0;0;0;0;0;0;0;0;0;0;0;0;0;0;0;0;0;0;0;0;0;0;0
2026-01-09 11:18:00;1;2;18;909;0;0;0;0;0;0;0;0;0;0.10200000000000001;0.105;0.108;0.11;0.114;0.117;0;0;0;0;0;0;4.026317022173599e-37;0;0;0;0;0;0;500;700;950;1180;850;440;1250;450;595;840;795;750;800;800;800;0;3;0;0;0;0;3;4;0;50;60;20;10;0;0;0;0;3;4;0;50;60;20;10;0;0;0;0;2;1;0;7;8;6;5;0;0;0;0;0;0;0;0;0;0;0;0;0;0;0;0;0;0;0;0;0;0;0;4;0;0;0;0;4;2;0;7;6;8;9;0;0;0;0;0;0;0;0;0;0;0;0;0;0;0;0;0;0;0;0;0;0;0;0;0;0;0;0;0;0;0;0;0;0;0;0;0;0;0;0;0;0;0;0
2026-01-09 11:19:00;1;2;18;909;0;0;0;0;0;0;0;0;0;0.10200000000000001;0.105;0.108;0.11;0.114;0.117;0;0;0;0;0;0;4.026317022173599e-37;0;0;0;0;0;0;500;700;950;1180;850;440;1250;450;595;840;795;750;800;800;800;0;3;0;0;0;0;3;4;0;50;60;20;10;0;0;0;0;3;4;0;50;60;20;10;0;0;0;0;2;1;0;7;8;6;5;0;0;0;0;0;0;0;0;0;0;0;0;0;0;0;0;0;0;0;0;0;0;0;4;0;0;0;0;4;2;0;7;6;8;9;0;0;0;0;0;0;0;0;0;0;0;0;0;0;0;0;0;0;0;0;0;0;0;0;0;0;0;0;0;0;0;0;0;0;0;0;0;0;0;0;0;0;0;0
2026-01-09 11:20:00;1;2;18;909;0;0;0;0;0;0;0;0;0;0.10200000000000001;0.105;0.108;0.11;0.114;0.117;0;0;0;0;0;0;4.026317022173599e-37;0;0;0;0;0;0;500;700;950;1180;850;440;1250;450;595;840;795;750;800;800;800;0;3;0;0;0;0;3;4;0;50;60;20;10;0;0;0;0;3;4;0;50;60;20;10;0;0;0;0;2;1;0;7;8;6;5;0;0;0;0;0;0;0;0;0;0;0;0;0;0;0;0;0;0;0;0;0;0;0;4;0;0;0;0;4;2;0;7;6;8;9;0;0;0;0;0;0;0;0;0;0;0;0;0;0;0;0;0;0;0;0;0;0;0;0;0;0;0;0;0;0;0;0;0;0;0;0;0;0;0;0;0;0;0;0
2026-01-09 11:21:00;1;2;18;909;0;0;0;0;0;0;0;0;0;0.10200000000000001;0.105;0.108;0.11;0.114;0.117;0;0;0;0;0;0;4.026317022173599e-37;0;0;0;0;0;0;500;700;950;1180;850;440;1250;450;595;840;795;750;800;800;800;0;3;0;0;0;0;3;4;0;50;60;20;10;0;0;0;0;3;4;0;50;60;20;10;0;0;0;0;2;1;0;7;8;6;5;0;0;0;0;0;0;0;0;0;0;0;0;0;0;0;0;0;0;0;0;0;0;0;4;0;0;0;0;4;2;0;7;6;8;9;0;0;0;0;0;0;0;0;0;0;0;0;0;0;0;0;0;0;0;0;0;0;0;0;0;0;0;0;0;0;0;0;0;0;0;0;0;0;0;0;0;0;0;0
2026-01-09 11:22:00;1;2;18;909;0;0;0;0;0;0;0;0;0;0.10200000000000001;0.105;0.108;0.11;0.114;0.117;0;0;0;0;0;0;4.026317022173599e-37;0;0;0;0;0;0;500;700;950;1180;850;440;1250;450;595;840;795;750;800;800;800;0;3;0;0;0;0;3;4;0;50;60;20;10;0;0;0;0;3;4;0;50;60;20;10;0;0;0;0;2;1;0;7;8;6;5;0;0;0;0;0;0;0;0;0;0;0;0;0;0;0;0;0;0;0;0;0;0;0;4;0;0;0;0;4;2;0;7;6;8;9;0;0;0;0;0;0;0;0;0;0;0;0;0;0;0;0;0;0;0;0;0;0;0;0;0;0;0;0;0;0;0;0;0;0;0;0;0;0;0;0;0;0;0;0
2026-01-09 11:23:00;1;2;18;909;0;0;0;0;0;0;0;0;0;0.10200000000000001;0.105;0.108;0.11;0.114;0.117;0;0;0;0;0;0;4.026317022173599e-37;0;0;0;0;0;0;500;700;950;1180;850;440;1250;450;595;840;795;750;800;800;800;0;3;0;0;0;0;3;4;0;50;60;20;10;0;0;0;0;3;4;0;50;60;20;10;0;0;0;0;2;1;0;7;8;6;5;0;0;0;0;0;0;0;0;0;0;0;0;0;0;0;0;0;0;0;0;0;0;0;4;0;0;0;0;4;2;0;7;6;8;9;0;0;0;0;0;0;0;0;0;0;0;0;0;0;0;0;0;0;0;0;0;0;0;0;0;0;0;0;0;0;0;0;0;0;0;0;0;0;0;0;0;0;0;0
2026-01-09 11:24:00;1;2;18;909;0;0;0;0;0;0;0;0;0;0.10200000000000001;0.105;0.108;0.11;0.114;0.117;0;0;0;0;0;0;4.026317022173599e-37;0;0;0;0;0;0;500;700;950;1180;850;440;1250;450;595;840;795;750;800;800;800;0;3;0;0;0;0;3;4;0;50;60;20;10;0;0;0;0;3;4;0;50;60;20;10;0;0;0;0;2;1;0;7;8;6;5;0;0;0;0;0;0;0;0;0;0;0;0;0;0;0;0;0;0;0;0;0;0;0;4;0;0;0;0;4;2;0;7;6;8;9;0;0;0;0;0;0;0;0;0;0;0;0;0;0;0;0;0;0;0;0;0;0;0;0;0;0;0;0;0;0;0;0;0;0;0;0;0;0;0;0;0;0;0;0
2026-01-09 11:25:00;1;2;18;909;0;0;0;0;0;0;0;0;0;0.10200000000000001;0.105;0.108;0.11;0.114;0.117;0;0;0;0;0;0;4.026317022173599e-37;0;0;0;0;0;0;500;700;950;1180;850;440;1250;450;595;840;795;750;800;800;800;0;3;0;0;0;0;3;4;0;50;60;20;10;0;0;0;0;3;4;0;50;60;20;10;0;0;0;0;2;1;0;7;8;6;5;0;0;0;0;0;0;0;0;0;0;0;0;0;0;0;0;0;0;0;0;0;0;0;4;0;0;0;0;4;2;0;7;6;8;9;0;0;0;0;0;0;0;0;0;0;0;0;0;0;0;0;0;0;0;0;0;0;0;0;0;0;0;0;0;0;0;0;0;0;0;0;0;0;0;0;0;0;0;0
2026-01-09 11:26:00;1;2;18;909;0;0;0;0;0;0;0;0;0;0.10200000000000001;0.105;0.108;0.11;0.114;0.117;0;0;0;0;0;0;4.026317022173599e-37;0;0;0;0;0;0;500;700;950;1180;850;440;1250;450;595;840;795;750;800;800;800;0;3;0;0;0;0;3;4;0;50;60;20;10;0;0;0;0;3;4;0;50;60;20;10;0;0;0;0;2;1;0;7;8;6;5;0;0;0;0;0;0;0;0;0;0;0;0;0;0;0;0;0;0;0;0;0;0;0;4;0;0;0;0;4;2;0;7;6;8;9;0;0;0;0;0;0;0;0;0;0;0;0;0;0;0;0;0;0;0;0;0;0;0;0;0;0;0;0;0;0;0;0;0;0;0;0;0;0;0;0;0;0;0;0
2026-01-09 11:27:00;1;2;18;909;0;0;0;0;0;0;0;0;0;0.10200000000000001;0.105;0.108;0.11;0.114;0.117;0;0;0;0;0;0;4.026317022173599e-37;0;0;0;0;0;0;500;700;950;1180;850;440;1250;450;595;840;795;750;800;800;800;0;3;0;0;0;0;3;4;0;50;60;20;10;0;0;0;0;3;4;0;50;60;20;10;0;0;0;0;2;1;0;7;8;6;5;0;0;0;0;0;0;0;0;0;0;0;0;0;0;0;0;0;0;0;0;0;0;0;4;0;0;0;0;4;2;0;7;6;8;9;0;0;0;0;0;0;0;0;0;0;0;0;0;0;0;0;0;0;0;0;0;0;0;0;0;0;0;0;0;0;0;0;0;0;0;0;0;0;0;0;0;0;0;0
2026-01-09 11:28:00;1;2;18;909;0;0;0;0;0;0;0;0;0;0.10200000000000001;0.105;0.108;0.11;0.114;0.117;0;0;0;0;0;0;4.026317022173599e-37;0;0;0;0;0;0;500;700;950;1180;850;440;1250;450;595;840;795;750;800;800;800;0;3;0;0;0;0;3;4;0;50;60;20;10;0;0;0;0;3;4;0;50;60;20;10;0;0;0;0;2;1;0;7;8;6;5;0;0;0;0;0;0;0;0;0;0;0;0;0;0;0;0;0;0;0;0;0;0;0;4;0;0;0;0;4;2;0;7;6;8;9;0;0;0;0;0;0;0;0;0;0;0;0;0;0;0;0;0;0;0;0;0;0;0;0;0;0;0;0;0;0;0;0;0;0;0;0;0;0;0;0;0;0;0;0
2026-01-09 11:29:00;1;2;18;909;0;0;0;0;0;0;0;0;0;0.10200000000000001;0.105;0.108;0.11;0.114;0.117;0;0;0;0;0;0;4.026317022173599e-37;0;0;0;0;0;0;500;700;950;1180;850;440;1250;450;595;840;795;750;800;800;800;0;3;0;0;0;0;3;4;0;50;60;20;10;0;0;0;0;3;4;0;50;60;20;10;0;0;0;0;2;1;0;7;8;6;5;0;0;0;0;0;0;0;0;0;0;0;0;0;0;0;0;0;0;0;0;0;0;0;4;0;0;0;0;4;2;0;7;6;8;9;0;0;0;0;0;0;0;0;0;0;0;0;0;0;0;0;0;0;0;0;0;0;0;0;0;0;0;0;0;0;0;0;0;0;0;0;0;0;0;0;0;0;0;0
2026-01-09 11:30:00;1;2;18;909;0;0;0;0;0;0;0;0;0;0.10200000000000001;0.105;0.108;0.11;0.114;0.117;0;0;0;0;0;0;4.026317022173599e-37;0;0;0;0;0;0;500;700;950;1180;850;440;1250;450;595;840;795;750;800;800;800;0;3;0;0;0;0;3;4;0;50;60;20;10;0;0;0;0;3;4;0;50;60;20;10;0;0;0;0;2;1;0;7;8;6;5;0;0;0;0;0;0;0;0;0;0;0;0;0;0;0;0;0;0;0;0;0;0;0;4;0;0;0;0;4;2;0;7;6;8;9;0;0;0;0;0;0;0;0;0;0;0;0;0;0;0;0;0;0;0;0;0;0;0;0;0;0;0;0;0;0;0;0;0;0;0;0;0;0;0;0;0;0;0;0
2026-01-09 11:31:00;1;2;18;909;0;0;0;0;0;0;0;0;0;0.10200000000000001;0.105;0.108;0.11;0.114;0.117;0;0;0;0;0;0;4.026317022173599e-37;0;0;0;0;0;0;500;700;950;1180;850;440;1250;450;595;840;795;750;800;800;800;0;3;0;0;0;0;3;4;0;50;60;20;10;0;0;0;0;3;4;0;50;60;20;10;0;0;0;0;2;1;0;7;8;6;5;0;0;0;0;0;0;0;0;0;0;0;0;0;0;0;0;0;0;0;0;0;0;0;4;0;0;0;0;4;2;0;7;6;8;9;0;0;0;0;0;0;0;0;0;0;0;0;0;0;0;0;0;0;0;0;0;0;0;0;0;0;0;0;0;0;0;0;0;0;0;0;0;0;0;0;0;0;0;0
2026-01-09 11:32:00;1;2;18;909;0;0;0;0;0;0;0;0;0;0.10200000000000001;0.105;0.108;0.11;0.114;0.117;0;0;0;0;0;0;4.026317022173599e-37;0;0;0;0;0;0;500;700;950;1180;850;440;1250;450;595;840;795;750;800;800;800;0;3;0;0;0;0;3;4;0;50;60;20;10;0;0;0;0;3;4;0;50;60;20;10;0;0;0;0;2;1;0;7;8;6;5;0;0;0;0;0;0;0;0;0;0;0;0;0;0;0;0;0;0;0;0;0;0;0;4;0;0;0;0;4;2;0;7;6;8;9;0;0;0;0;0;0;0;0;0;0;0;0;0;0;0;0;0;0;0;0;0;0;0;0;0;0;0;0;0;0;0;0;0;0;0;0;0;0;0;0;0;0;0;0
2026-01-09 11:33:00;1;2;18;909;0;0;0;0;0;0;0;0;0;0.10200000000000001;0.105;0.108;0.11;0.114;0.117;0;0;0;0;0;0;4.026317022173599e-37;0;0;0;0;0;0;500;700;950;1180;850;440;1250;450;595;840;795;750;800;800;800;0;3;0;0;0;0;3;4;0;50;60;20;10;0;0;0;0;3;4;0;50;60;20;10;0;0;0;0;2;1;0;7;8;6;5;0;0;0;0;0;0;0;0;0;0;0;0;0;0;0;0;0;0;0;0;0;0;0;4;0;0;0;0;4;2;0;7;6;8;9;0;0;0;0;0;0;0;0;0;0;0;0;0;0;0;0;0;0;0;0;0;0;0;0;0;0;0;0;0;0;0;0;0;0;0;0;0;0;0;0;0;0;0;0
2026-01-09 11:34:00;1;2;18;909;0;0;0;0;0;0;0;0;0;0.10200000000000001;0.105;0.108;0.11;0.114;0.117;0;0;0;0;0;0;4.026317022173599e-37;0;0;0;0;0;0;500;700;950;1180;850;440;1250;450;595;840;795;750;800;800;800;0;3;0;0;0;0;3;4;0;50;60;20;10;0;0;0;0;3;4;0;50;60;20;10;0;0;0;0;2;1;0;7;8;6;5;0;0;0;0;0;0;0;0;0;0;0;0;0;0;0;0;0;0;0;0;0;0;0;4;0;0;0;0;4;2;0;7;6;8;9;0;0;0;0;0;0;0;0;0;0;0;0;0;0;0;0;0;0;0;0;0;0;0;0;0;0;0;0;0;0;0;0;0;0;0;0;0;0;0;0;0;0;0;0
2026-01-09 11:35:00;1;2;18;909;0;0;0;0;0;0;0;0;0;0.10200000000000001;0.105;0.108;0.11;0.114;0.117;0;0;0;0;0;0;4.026317022173599e-37;0;0;0;0;0;0;500;700;950;1180;850;440;1250;450;595;840;795;750;800;800;800;0;3;0;0;0;0;3;4;0;50;60;20;10;0;0;0;0;3;4;0;50;60;20;10;0;0;0;0;2;1;0;7;8;6;5;0;0;0;0;0;0;0;0;0;0;0;0;0;0;0;0;0;0;0;0;0;0;0;4;0;0;0;0;4;2;0;7;6;8;9;0;0;0;0;0;0;0;0;0;0;0;0;0;0;0;0;0;0;0;0;0;0;0;0;0;0;0;0;0;0;0;0;0;0;0;0;0;0;0;0;0;0;0;0
2026-01-09 11:36:00;1;2;18;909;0;0;0;0;0;0;0;0;0;0.10200000000000001;0.105;0.108;0.11;0.114;0.117;0;0;0;0;0;0;4.026317022173599e-37;0;0;0;0;0;0;500;700;950;1180;850;440;1250;450;595;840;795;750;800;800;800;0;3;0;0;0;0;3;4;0;50;60;20;10;0;0;0;0;3;4;0;50;60;20;10;0;0;0;0;2;1;0;7;8;6;5;0;0;0;0;0;0;0;0;0;0;0;0;0;0;0;0;0;0;0;0;0;0;0;4;0;0;0;0;4;2;0;7;6;8;9;0;0;0;0;0;0;0;0;0;0;0;0;0;0;0;0;0;0;0;0;0;0;0;0;0;0;0;0;0;0;0;0;0;0;0;0;0;0;0;0;0;0;0;0
2026-01-09 11:37:00;1;2;18;909;0;0;0;0;0;0;0;0;0;0.10200000000000001;0.105;0.108;0.11;0.114;0.117;0;0;0;0;0;0;4.026317022173599e-37;0;0;0;0;0;0;500;700;950;1180;850;440;1250;450;595;840;795;750;800;800;800;0;3;0;0;0;0;3;4;0;50;60;20;10;0;0;0;0;3;4;0;50;60;20;10;0;0;0;0;2;1;0;7;8;6;5;0;0;0;0;0;0;0;0;0;0;0;0;0;0;0;0;0;0;0;0;0;0;0;4;0;0;0;0;4;2;0;7;6;8;9;0;0;0;0;0;0;0;0;0;0;0;0;0;0;0;0;0;0;0;0;0;0;0;0;0;0;0;0;0;0;0;0;0;0;0;0;0;0;0;0;0;0;0;0
2026-01-09 11:38:00;1;2;18;909;0;0;0;0;0;0;0;0;0;0.10200000000000001;0.105;0.108;0.11;0.114;0.117;0;0;0;0;0;0;4.026317022173599e-37;0;0;0;0;0;0;500;700;950;1180;850;440;1250;450;595;840;795;750;800;800;800;0;3;0;0;0;0;3;4;0;50;60;20;10;0;0;0;0;3;4;0;50;60;20;10;0;0;0;0;2;1;0;7;8;6;5;0;0;0;0;0;0;0;0;0;0;0;0;0;0;0;0;0;0;0;0;0;0;0;4;0;0;0;0;4;2;0;7;6;8;9;0;0;0;0;0;0;0;0;0;0;0;0;0;0;0;0;0;0;0;0;0;0;0;0;0;0;0;0;0;0;0;0;0;0;0;0;0;0;0;0;0;0;0;0
2026-01-09 11:39:00;1;2;18;909;0;0;0;0;0;0;0;0;0;0.10200000000000001;0.105;0.108;0.11;0.114;0.117;0;0;0;0;0;0;4.026317022173599e-37;0;0;0;0;0;0;500;700;950;1180;850;440;1250;450;595;840;795;750;800;800;800;0;3;0;0;0;0;3;4;0;50;60;20;10;0;0;0;0;3;4;0;50;60;20;10;0;0;0;0;2;1;0;7;8;6;5;0;0;0;0;0;0;0;0;0;0;0;0;0;0;0;0;0;0;0;0;0;0;0;4;0;0;0;0;4;2;0;7;6;8;9;0;0;0;0;0;0;0;0;0;0;0;0;0;0;0;0;0;0;0;0;0;0;0;0;0;0;0;0;0;0;0;0;0;0;0;0;0;0;0;0;0;0;0;0
2026-01-09 11:40:00;1;2;18;909;0;0;0;0;0;0;0;0;0;0.10200000000000001;0.105;0.108;0.11;0.114;0.117;0;0;0;0;0;0;4.026317022173599e-37;0;0;0;0;0;0;500;700;950;1180;850;440;1250;450;595;840;795;750;800;800;800;0;3;0;0;0;0;3;4;0;50;60;20;10;0;0;0;0;3;4;0;50;60;20;10;0;0;0;0;2;1;0;7;8;6;5;0;0;0;0;0;0;0;0;0;0;0;0;0;0;0;0;0;0;0;0;0;0;0;4;0;0;0;0;4;2;0;7;6;8;9;0;0;0;0;0;0;0;0;0;0;0;0;0;0;0;0;0;0;0;0;0;0;0;0;0;0;0;0;0;0;0;0;0;0;0;0;0;0;0;0;0;0;0;0
2026-01-09 11:41:00;1;2;18;909;0;0;0;0;0;0;0;0;0;0.10200000000000001;0.105;0.108;0.11;0.114;0.117;0;0;0;0;0;0;4.026317022173599e-37;0;0;0;0;0;0;500;700;950;1180;850;440;1250;450;595;840;795;750;800;800;800;0;3;0;0;0;0;3;4;0;50;60;20;10;0;0;0;0;3;4;0;50;60;20;10;0;0;0;0;2;1;0;7;8;6;5;0;0;0;0;0;0;0;0;0;0;0;0;0;0;0;0;0;0;0;0;0;0;0;4;0;0;0;0;4;2;0;7;6;8;9;0;0;0;0;0;0;0;0;0;0;0;0;0;0;0;0;0;0;0;0;0;0;0;0;0;0;0;0;0;0;0;0;0;0;0;0;0;0;0;0;0;0;0;0
2026-01-09 11:42:00;1;2;18;909;0;0;0;0;0;0;0;0;0;0.10200000000000001;0.105;0.108;0.11;0.114;0.117;0;0;0;0;0;0;4.026317022173599e-37;0;0;0;0;0;0;500;700;950;1180;850;440;1250;450;595;840;795;750;800;800;800;0;3;0;0;0;0;3;4;0;50;60;20;10;0;0;0;0;3;4;0;50;60;20;10;0;0;0;0;2;1;0;7;8;6;5;0;0;0;0;0;0;0;0;0;0;0;0;0;0;0;0;0;0;0;0;0;0;0;4;0;0;0;0;4;2;0;7;6;8;9;0;0;0;0;0;0;0;0;0;0;0;0;0;0;0;0;0;0;0;0;0;0;0;0;0;0;0;0;0;0;0;0;0;0;0;0;0;0;0;0;0;0;0;0
2026-01-09 11:43:00;1;2;18;909;0;0;0;0;0;0;0;0;0;0.10200000000000001;0.105;0.108;0.11;0.114;0.117;0;0;0;0;0;0;4.026317022173599e-37;0;0;0;0;0;0;500;700;950;1180;850;440;1250;450;595;840;795;750;800;800;800;0;3;0;0;0;0;3;4;0;50;60;20;10;0;0;0;0;3;4;0;50;60;20;10;0;0;0;0;2;1;0;7;8;6;5;0;0;0;0;0;0;0;0;0;0;0;0;0;0;0;0;0;0;0;0;0;0;0;4;0;0;0;0;4;2;0;7;6;8;9;0;0;0;0;0;0;0;0;0;0;0;0;0;0;0;0;0;0;0;0;0;0;0;0;0;0;0;0;0;0;0;0;0;0;0;0;0;0;0;0;0;0;0;0
2026-01-09 11:44:00;1;2;18;909;0;0;0;0;0;0;0;0;0;0.10200000000000001;0.105;0.108;0.11;0.114;0.117;0;0;0;0;0;0;4.026317022173599e-37;0;0;0;0;0;0;500;700;950;1180;850;440;1250;450;595;840;795;750;800;800;800;0;3;0;0;0;0;3;4;0;50;60;20;10;0;0;0;0;3;4;0;50;60;20;10;0;0;0;0;2;1;0;7;8;6;5;0;0;0;0;0;0;0;0;0;0;0;0;0;0;0;0;0;0;0;0;0;0;0;4;0;0;0;0;4;2;0;7;6;8;9;0;0;0;0;0;0;0;0;0;0;0;0;0;0;0;0;0;0;0;0;0;0;0;0;0;0;0;0;0;0;0;0;0;0;0;0;0;0;0;0;0;0;0;0
2026-01-09 11:45:00;1;2;18;909;0;0;0;0;0;0;0;0;0;0.10200000000000001;0.105;0.108;0.11;0.114;0.117;0;0;0;0;0;0;4.026317022173599e-37;0;0;0;0;0;0;500;700;950;1180;850;440;1250;450;595;840;795;750;800;800;800;0;3;0;0;0;0;3;4;0;50;60;20;10;0;0;0;0;3;4;0;50;60;20;10;0;0;0;0;2;1;0;7;8;6;5;0;0;0;0;0;0;0;0;0;0;0;0;0;0;0;0;0;0;0;0;0;0;0;4;0;0;0;0;4;2;0;7;6;8;9;0;0;0;0;0;0;0;0;0;0;0;0;0;0;0;0;0;0;0;0;0;0;0;0;0;0;0;0;0;0;0;0;0;0;0;0;0;0;0;0;0;0;0;0
2026-01-09 11:46:00;1;2;18;909;0;0;0;0;0;0;0;0;0;0.10200000000000001;0.105;0.108;0.11;0.114;0.117;0;0;0;0;0;0;4.026317022173599e-37;0;0;0;0;0;0;500;700;950;1180;850;440;1250;450;595;840;795;750;800;800;800;0;3;0;0;0;0;3;4;0;50;60;20;10;0;0;0;0;3;4;0;50;60;20;10;0;0;0;0;2;1;0;7;8;6;5;0;0;0;0;0;0;0;0;0;0;0;0;0;0;0;0;0;0;0;0;0;0;0;4;0;0;0;0;4;2;0;7;6;8;9;0;0;0;0;0;0;0;0;0;0;0;0;0;0;0;0;0;0;0;0;0;0;0;0;0;0;0;0;0;0;0;0;0;0;0;0;0;0;0;0;0;0;0;0
2026-01-09 11:47:00;1;2;18;909;0;0;0;0;0;0;0;0;0;0.10200000000000001;0.105;0.108;0.11;0.114;0.117;0;0;0;0;0;0;4.026317022173599e-37;0;0;0;0;0;0;500;700;950;1180;850;440;1250;450;595;840;795;750;800;800;800;0;3;0;0;0;0;3;4;0;50;60;20;10;0;0;0;0;3;4;0;50;60;20;10;0;0;0;0;2;1;0;7;8;6;5;0;0;0;0;0;0;0;0;0;0;0;0;0;0;0;0;0;0;0;0;0;0;0;4;0;0;0;0;4;2;0;7;6;8;9;0;0;0;0;0;0;0;0;0;0;0;0;0;0;0;0;0;0;0;0;0;0;0;0;0;0;0;0;0;0;0;0;0;0;0;0;0;0;0;0;0;0;0;0
2026-01-09 11:48:00;1;2;18;909;0;0;0;0;0;0;0;0;0;0.10200000000000001;0.105;0.108;0.11;0.114;0.117;0;0;0;0;0;0;4.026317022173599e-37;0;0;0;0;0;0;500;700;950;1180;850;440;1250;450;595;840;795;750;800;800;800;0;3;0;0;0;0;3;4;0;50;60;20;10;0;0;0;0;3;4;0;50;60;20;10;0;0;0;0;2;1;0;7;8;6;5;0;0;0;0;0;0;0;0;0;0;0;0;0;0;0;0;0;0;0;0;0;0;0;4;0;0;0;0;4;2;0;7;6;8;9;0;0;0;0;0;0;0;0;0;0;0;0;0;0;0;0;0;0;0;0;0;0;0;0;0;0;0;0;0;0;0;0;0;0;0;0;0;0;0;0;0;0;0;0
2026-01-09 11:49:00;1;2;18;909;0;0;0;0;0;0;0;0;0;0.10200000000000001;0.105;0.108;0.11;0.114;0.117;0;0;0;0;0;0;4.026317022173599e-37;0;0;0;0;0;0;500;700;950;1180;850;440;1250;450;595;840;795;750;800;800;800;0;3;0;0;0;0;3;4;0;50;60;20;10;0;0;0;0;3;4;0;50;60;20;10;0;0;0;0;2;1;0;7;8;6;5;0;0;0;0;0;0;0;0;0;0;0;0;0;0;0;0;0;0;0;0;0;0;0;4;0;0;0;0;4;2;0;7;6;8;9;0;0;0;0;0;0;0;0;0;0;0;0;0;0;0;0;0;0;0;0;0;0;0;0;0;0;0;0;0;0;0;0;0;0;0;0;0;0;0;0;0;0;0;0
2026-01-09 11:50:00;1;2;18;909;0;0;0;0;0;0;0;0;0;0.10200000000000001;0.105;0.108;0.11;0.114;0.117;0;0;0;0;0;0;4.026317022173599e-37;0;0;0;0;0;0;500;700;950;1180;850;440;1250;450;595;840;795;750;800;800;800;0;3;0;0;0;0;3;4;0;50;60;20;10;0;0;0;0;3;4;0;50;60;20;10;0;0;0;0;2;1;0;7;8;6;5;0;0;0;0;0;0;0;0;0;0;0;0;0;0;0;0;0;0;0;0;0;0;0;4;0;0;0;0;4;2;0;7;6;8;9;0;0;0;0;0;0;0;0;0;0;0;0;0;0;0;0;0;0;0;0;0;0;0;0;0;0;0;0;0;0;0;0;0;0;0;0;0;0;0;0;0;0;0;0
2026-01-09 11:51:00;1;2;18;909;0;0;0;0;0;0;0;0;0;0.10200000000000001;0.105;0.108;0.11;0.114;0.117;0;0;0;0;0;0;4.026317022173599e-37;0;0;0;0;0;0;500;700;950;1180;850;440;1250;450;595;840;795;750;800;800;800;0;3;0;0;0;0;3;4;0;50;60;20;10;0;0;0;0;3;4;0;50;60;20;10;0;0;0;0;2;1;0;7;8;6;5;0;0;0;0;0;0;0;0;0;0;0;0;0;0;0;0;0;0;0;0;0;0;0;4;0;0;0;0;4;2;0;7;6;8;9;0;0;0;0;0;0;0;0;0;0;0;0;0;0;0;0;0;0;0;0;0;0;0;0;0;0;0;0;0;0;0;0;0;0;0;0;0;0;0;0;0;0;0;0
2026-01-09 11:52:00;1;2;18;909;0;0;0;0;0;0;0;0;0;0.10200000000000001;0.105;0.108;0.11;0.114;0.117;0;0;0;0;0;0;4.026317022173599e-37;0;0;0;0;0;0;500;700;950;1180;850;440;1250;450;595;840;795;750;800;800;800;0;3;0;0;0;0;3;4;0;50;60;20;10;0;0;0;0;3;4;0;50;60;20;10;0;0;0;0;2;1;0;7;8;6;5;0;0;0;0;0;0;0;0;0;0;0;0;0;0;0;0;0;0;0;0;0;0;0;4;0;0;0;0;4;2;0;7;6;8;9;0;0;0;0;0;0;0;0;0;0;0;0;0;0;0;0;0;0;0;0;0;0;0;0;0;0;0;0;0;0;0;0;0;0;0;0;0;0;0;0;0;0;0;0
2026-01-09 11:53:00;1;2;18;909;0;0;0;0;0;0;0;0;0;0.10200000000000001;0.105;0.108;0.11;0.114;0.117;0;0;0;0;0;0;4.026317022173599e-37;0;0;0;0;0;0;500;700;950;1180;850;440;1250;450;595;840;795;750;800;800;800;0;3;0;0;0;0;3;4;0;50;60;20;10;0;0;0;0;3;4;0;50;60;20;10;0;0;0;0;2;1;0;7;8;6;5;0;0;0;0;0;0;0;0;0;0;0;0;0;0;0;0;0;0;0;0;0;0;0;4;0;0;0;0;4;2;0;7;6;8;9;0;0;0;0;0;0;0;0;0;0;0;0;0;0;0;0;0;0;0;0;0;0;0;0;0;0;0;0;0;0;0;0;0;0;0;0;0;0;0;0;0;0;0;0
2026-01-09 11:54:00;1;2;18;909;0;0;0;0;0;0;0;0;0;0.10200000000000001;0.105;0.108;0.11;0.114;0.117;0;0;0;0;0;0;4.026317022173599e-37;0;0;0;0;0;0;500;700;950;1180;850;440;1250;450;595;840;795;750;800;800;800;0;3;0;0;0;0;3;4;0;50;60;20;10;0;0;0;0;3;4;0;50;60;20;10;0;0;0;0;2;1;0;7;8;6;5;0;0;0;0;0;0;0;0;0;0;0;0;0;0;0;0;0;0;0;0;0;0;0;4;0;0;0;0;4;2;0;7;6;8;9;0;0;0;0;0;0;0;0;0;0;0;0;0;0;0;0;0;0;0;0;0;0;0;0;0;0;0;0;0;0;0;0;0;0;0;0;0;0;0;0;0;0;0;0
2026-01-09 11:55:00;1;2;18;909;0;0;0;0;0;0;0;0;0;0.10200000000000001;0.105;0.108;0.11;0.114;0.117;0;0;0;0;0;0;4.026317022173599e-37;0;0;0;0;0;0;500;700;950;1180;850;440;1250;450;595;840;795;750;800;800;800;0;3;0;0;0;0;3;4;0;50;60;20;10;0;0;0;0;3;4;0;50;60;20;10;0;0;0;0;2;1;0;7;8;6;5;0;0;0;0;0;0;0;0;0;0;0;0;0;0;0;0;0;0;0;0;0;0;0;4;0;0;0;0;4;2;0;7;6;8;9;0;0;0;0;0;0;0;0;0;0;0;0;0;0;0;0;0;0;0;0;0;0;0;0;0;0;0;0;0;0;0;0;0;0;0;0;0;0;0;0;0;0;0;0
2026-01-09 11:56:00;1;2;18;909;0;0;0;0;0;0;0;0;0;0.10200000000000001;0.105;0.108;0.11;0.114;0.117;0;0;0;0;0;0;4.026317022173599e-37;0;0;0;0;0;0;500;700;950;1180;850;440;1250;450;595;840;795;750;800;800;800;0;3;0;0;0;0;3;4;0;50;60;20;10;0;0;0;0;3;4;0;50;60;20;10;0;0;0;0;2;1;0;7;8;6;5;0;0;0;0;0;0;0;0;0;0;0;0;0;0;0;0;0;0;0;0;0;0;0;4;0;0;0;0;4;2;0;7;6;8;9;0;0;0;0;0;0;0;0;0;0;0;0;0;0;0;0;0;0;0;0;0;0;0;0;0;0;0;0;0;0;0;0;0;0;0;0;0;0;0;0;0;0;0;0
2026-01-09 11:57:00;1;2;18;909;0;0;0;0;0;0;0;0;0;0.10200000000000001;0.105;0.108;0.11;0.114;0.117;0;0;0;0;0;0;4.026317022173599e-37;0;0;0;0;0;0;500;700;950;1180;850;440;1250;450;595;840;795;750;800;800;800;0;3;0;0;0;0;3;4;0;50;60;20;10;0;0;0;0;3;4;0;50;60;20;10;0;0;0;0;2;1;0;7;8;6;5;0;0;0;0;0;0;0;0;0;0;0;0;0;0;0;0;0;0;0;0;0;0;0;4;0;0;0;0;4;2;0;7;6;8;9;0;0;0;0;0;0;0;0;0;0;0;0;0;0;0;0;0;0;0;0;0;0;0;0;0;0;0;0;0;0;0;0;0;0;0;0;0;0;0;0;0;0;0;0
2026-01-09 11:58:00;1;2;18;909;0;0;0;0;0;0;0;0;0;0.10200000000000001;0.105;0.108;0.11;0.114;0.117;0;0;0;0;0;0;4.026317022173599e-37;0;0;0;0;0;0;500;700;950;1180;850;440;1250;450;595;840;795;750;800;800;800;0;3;0;0;0;0;3;4;0;50;60;20;10;0;0;0;0;3;4;0;50;60;20;10;0;0;0;0;2;1;0;7;8;6;5;0;0;0;0;0;0;0;0;0;0;0;0;0;0;0;0;0;0;0;0;0;0;0;4;0;0;0;0;4;2;0;7;6;8;9;0;0;0;0;0;0;0;0;0;0;0;0;0;0;0;0;0;0;0;0;0;0;0;0;0;0;0;0;0;0;0;0;0;0;0;0;0;0;0;0;0;0;0;0
2026-01-09 11:59:00;1;2;18;909;0;0;0;0;0;0;0;0;0;0.10200000000000001;0.105;0.108;0.11;0.114;0.117;0;0;0;0;0;0;4.026317022173599e-37;0;0;0;0;0;0;500;700;950;1180;850;440;1250;450;595;840;795;750;800;800;800;0;3;0;0;0;0;3;4;0;50;60;20;10;0;0;0;0;3;4;0;50;60;20;10;0;0;0;0;2;1;0;7;8;6;5;0;0;0;0;0;0;0;0;0;0;0;0;0;0;0;0;0;0;0;0;0;0;0;4;0;0;0;0;4;2;0;7;6;8;9;0;0;0;0;0;0;0;0;0;0;0;0;0;0;0;0;0;0;0;0;0;0;0;0;0;0;0;0;0;0;0;0;0;0;0;0;0;0;0;0;0;0;0;0
2026-01-09 12:00:00;1;2;18;909;0;0;0;0;0;0;0;0;0;0.10200000000000001;0.105;0.108;0.11;0.114;0.117;0;0;0;0;0;0;4.026317022173599e-37;0;0;0;0;0;0;500;700;950;1180;850;440;1250;450;595;840;795;750;800;800;800;0;3;0;0;0;0;3;4;0;50;60;20;10;0;0;0;0;3;4;0;50;60;20;10;0;0;0;0;2;1;0;7;8;6;5;0;0;0;0;0;0;0;0;0;0;0;0;0;0;0;0;0;0;0;0;0;0;0;4;0;0;0;0;4;2;0;7;6;8;9;0;0;0;0;0;0;0;0;0;0;0;0;0;0;0;0;0;0;0;0;0;0;0;0;0;0;0;0;0;0;0;0;0;0;0;0;0;0;0;0;0;0;0;0
2026-01-09 12:01:00;1;2;18;909;0;0;0;0;0;0;0;0;0;0.10200000000000001;0.105;0.108;0.11;0.114;0.117;0;0;0;0;0;0;4.026317022173599e-37;0;0;0;0;0;0;500;700;950;1180;850;440;1250;450;595;840;795;750;800;800;800;0;3;0;0;0;0;3;4;0;50;60;20;10;0;0;0;0;3;4;0;50;60;20;10;0;0;0;0;2;1;0;7;8;6;5;0;0;0;0;0;0;0;0;0;0;0;0;0;0;0;0;0;0;0;0;0;0;0;4;0;0;0;0;4;2;0;7;6;8;9;0;0;0;0;0;0;0;0;0;0;0;0;0;0;0;0;0;0;0;0;0;0;0;0;0;0;0;0;0;0;0;0;0;0;0;0;0;0;0;0;0;0;0;0
2026-01-09 12:02:00;1;2;18;909;0;0;0;0;0;0;0;0;0;0.10200000000000001;0.105;0.108;0.11;0.114;0.117;0;0;0;0;0;0;4.026317022173599e-37;0;0;0;0;0;0;500;700;950;1180;850;440;1250;450;595;840;795;750;800;800;800;0;3;0;0;0;0;3;4;0;50;60;20;10;0;0;0;0;3;4;0;50;60;20;10;0;0;0;0;2;1;0;7;8;6;5;0;0;0;0;0;0;0;0;0;0;0;0;0;0;0;0;0;0;0;0;0;0;0;4;0;0;0;0;4;2;0;7;6;8;9;0;0;0;0;0;0;0;0;0;0;0;0;0;0;0;0;0;0;0;0;0;0;0;0;0;0;0;0;0;0;0;0;0;0;0;0;0;0;0;0;0;0;0;0
2026-01-09 12:03:00;1;2;18;909;0;0;0;0;0;0;0;0;0;0.10200000000000001;0.105;0.108;0.11;0.114;0.117;0;0;0;0;0;0;4.026317022173599e-37;0;0;0;0;0;0;500;700;950;1180;850;440;1250;450;595;840;795;750;800;800;800;0;3;0;0;0;0;3;4;0;50;60;20;10;0;0;0;0;3;4;0;50;60;20;10;0;0;0;0;2;1;0;7;8;6;5;0;0;0;0;0;0;0;0;0;0;0;0;0;0;0;0;0;0;0;0;0;0;0;4;0;0;0;0;4;2;0;7;6;8;9;0;0;0;0;0;0;0;0;0;0;0;0;0;0;0;0;0;0;0;0;0;0;0;0;0;0;0;0;0;0;0;0;0;0;0;0;0;0;0;0;0;0;0;0
2026-01-09 12:04:00;1;2;18;909;0;0;0;0;0;0;0;0;0;0.10200000000000001;0.105;0.108;0.11;0.114;0.117;0;0;0;0;0;0;4.026317022173599e-37;0;0;0;0;0;0;500;700;950;1180;850;440;1250;450;595;840;795;750;800;800;800;0;3;0;0;0;0;3;4;0;50;60;20;10;0;0;0;0;3;4;0;50;60;20;10;0;0;0;0;2;1;0;7;8;6;5;0;0;0;0;0;0;0;0;0;0;0;0;0;0;0;0;0;0;0;0;0;0;0;4;0;0;0;0;4;2;0;7;6;8;9;0;0;0;0;0;0;0;0;0;0;0;0;0;0;0;0;0;0;0;0;0;0;0;0;0;0;0;0;0;0;0;0;0;0;0;0;0;0;0;0;0;0;0;0
2026-01-09 12:05:00;1;2;18;909;0;0;0;0;0;0;0;0;0;0.10200000000000001;0.105;0.108;0.11;0.114;0.117;0;0;0;0;0;0;4.026317022173599e-37;0;0;0;0;0;0;500;700;950;1180;850;440;1250;450;595;840;795;750;800;800;800;0;3;0;0;0;0;3;4;0;50;60;20;10;0;0;0;0;3;4;0;50;60;20;10;0;0;0;0;2;1;0;7;8;6;5;0;0;0;0;0;0;0;0;0;0;0;0;0;0;0;0;0;0;0;0;0;0;0;4;0;0;0;0;4;2;0;7;6;8;9;0;0;0;0;0;0;0;0;0;0;0;0;0;0;0;0;0;0;0;0;0;0;0;0;0;0;0;0;0;0;0;0;0;0;0;0;0;0;0;0;0;0;0;0
2026-01-09 12:06:00;1;2;18;909;0;0;0;0;0;0;0;0;0;0.10200000000000001;0.105;0.108;0.11;0.114;0.117;0;0;0;0;0;0;4.026317022173599e-37;0;0;0;0;0;0;500;700;950;1180;850;440;1250;450;595;840;795;750;800;800;800;0;3;0;0;0;0;3;4;0;50;60;20;10;0;0;0;0;3;4;0;50;60;20;10;0;0;0;0;2;1;0;7;8;6;5;0;0;0;0;0;0;0;0;0;0;0;0;0;0;0;0;0;0;0;0;0;0;0;4;0;0;0;0;4;2;0;7;6;8;9;0;0;0;0;0;0;0;0;0;0;0;0;0;0;0;0;0;0;0;0;0;0;0;0;0;0;0;0;0;0;0;0;0;0;0;0;0;0;0;0;0;0;0;0
2026-01-09 12:07:00;1;2;18;909;0;0;0;0;0;0;0;0;0;0.10200000000000001;0.105;0.108;0.11;0.114;0.117;0;0;0;0;0;0;4.026317022173599e-37;0;0;0;0;0;0;500;700;950;1180;850;440;1250;450;595;840;795;750;800;800;800;0;3;0;0;0;0;3;4;0;50;60;20;10;0;0;0;0;3;4;0;50;60;20;10;0;0;0;0;2;1;0;7;8;6;5;0;0;0;0;0;0;0;0;0;0;0;0;0;0;0;0;0;0;0;0;0;0;0;4;0;0;0;0;4;2;0;7;6;8;9;0;0;0;0;0;0;0;0;0;0;0;0;0;0;0;0;0;0;0;0;0;0;0;0;0;0;0;0;0;0;0;0;0;0;0;0;0;0;0;0;0;0;0;0
2026-01-09 12:08:00;1;2;18;909;0;0;0;0;0;0;0;0;0;0.10200000000000001;0.105;0.108;0.11;0.114;0.117;0;0;0;0;0;0;4.026317022173599e-37;0;0;0;0;0;0;500;700;950;1180;850;440;1250;450;595;840;795;750;800;800;800;0;3;0;0;0;0;3;4;0;50;60;20;10;0;0;0;0;3;4;0;50;60;20;10;0;0;0;0;2;1;0;7;8;6;5;0;0;0;0;0;0;0;0;0;0;0;0;0;0;0;0;0;0;0;0;0;0;0;4;0;0;0;0;4;2;0;7;6;8;9;0;0;0;0;0;0;0;0;0;0;0;0;0;0;0;0;0;0;0;0;0;0;0;0;0;0;0;0;0;0;0;0;0;0;0;0;0;0;0;0;0;0;0;0
2026-01-09 12:09:00;1;2;18;909;0;0;0;0;0;0;0;0;0;0.10200000000000001;0.105;0.108;0.11;0.114;0.117;0;0;0;0;0;0;4.026317022173599e-37;0;0;0;0;0;0;500;700;950;1180;850;440;1250;450;595;840;795;750;800;800;800;0;3;0;0;0;0;3;4;0;50;60;20;10;0;0;0;0;3;4;0;50;60;20;10;0;0;0;0;2;1;0;7;8;6;5;0;0;0;0;0;0;0;0;0;0;0;0;0;0;0;0;0;0;0;0;0;0;0;4;0;0;0;0;4;2;0;7;6;8;9;0;0;0;0;0;0;0;0;0;0;0;0;0;0;0;0;0;0;0;0;0;0;0;0;0;0;0;0;0;0;0;0;0;0;0;0;0;0;0;0;0;0;0;0
2026-01-09 12:10:00;1;2;18;909;0;0;0;0;0;0;0;0;0;0.10200000000000001;0.105;0.108;0.11;0.114;0.117;0;0;0;0;0;0;4.026317022173599e-37;0;0;0;0;0;0;500;700;950;1180;850;440;1250;450;595;840;795;750;800;800;800;0;3;0;0;0;0;3;4;0;50;60;20;10;0;0;0;0;3;4;0;50;60;20;10;0;0;0;0;2;1;0;7;8;6;5;0;0;0;0;0;0;0;0;0;0;0;0;0;0;0;0;0;0;0;0;0;0;0;4;0;0;0;0;4;2;0;7;6;8;9;0;0;0;0;0;0;0;0;0;0;0;0;0;0;0;0;0;0;0;0;0;0;0;0;0;0;0;0;0;0;0;0;0;0;0;0;0;0;0;0;0;0;0;0
2026-01-09 12:11:00;1;2;18;909;0;0;0;0;0;0;0;0;0;0.10200000000000001;0.105;0.108;0.11;0.114;0.117;0;0;0;0;0;0;4.026317022173599e-37;0;0;0;0;0;0;500;700;950;1180;850;440;1250;450;595;840;795;750;800;800;800;0;3;0;0;0;0;3;4;0;50;60;20;10;0;0;0;0;3;4;0;50;60;20;10;0;0;0;0;2;1;0;7;8;6;5;0;0;0;0;0;0;0;0;0;0;0;0;0;0;0;0;0;0;0;0;0;0;0;4;0;0;0;0;4;2;0;7;6;8;9;0;0;0;0;0;0;0;0;0;0;0;0;0;0;0;0;0;0;0;0;0;0;0;0;0;0;0;0;0;0;0;0;0;0;0;0;0;0;0;0;0;0;0;0
2026-01-09 12:12:00;1;2;18;909;0;0;0;0;0;0;0;0;0;0.10200000000000001;0.105;0.108;0.11;0.114;0.117;0;0;0;0;0;0;4.026317022173599e-37;0;0;0;0;0;0;500;700;950;1180;850;440;1250;450;595;840;795;750;800;800;800;0;3;0;0;0;0;3;4;0;50;60;20;10;0;0;0;0;3;4;0;50;60;20;10;0;0;0;0;2;1;0;7;8;6;5;0;0;0;0;0;0;0;0;0;0;0;0;0;0;0;0;0;0;0;0;0;0;0;4;0;0;0;0;4;2;0;7;6;8;9;0;0;0;0;0;0;0;0;0;0;0;0;0;0;0;0;0;0;0;0;0;0;0;0;0;0;0;0;0;0;0;0;0;0;0;0;0;0;0;0;0;0;0;0
2026-01-09 12:13:00;1;2;18;909;0;0;0;0;0;0;0;0;0;0.10200000000000001;0.105;0.108;0.11;0.114;0.117;0;0;0;0;0;0;4.026317022173599e-37;0;0;0;0;0;0;500;700;950;1180;850;440;1250;450;595;840;795;750;800;800;800;0;3;0;0;0;0;3;4;0;50;60;20;10;0;0;0;0;3;4;0;50;60;20;10;0;0;0;0;2;1;0;7;8;6;5;0;0;0;0;0;0;0;0;0;0;0;0;0;0;0;0;0;0;0;0;0;0;0;4;0;0;0;0;4;2;0;7;6;8;9;0;0;0;0;0;0;0;0;0;0;0;0;0;0;0;0;0;0;0;0;0;0;0;0;0;0;0;0;0;0;0;0;0;0;0;0;0;0;0;0;0;0;0;0
2026-01-09 12:14:00;1;2;18;909;0;0;0;0;0;0;0;0;0;0.10200000000000001;0.105;0.108;0.11;0.114;0.117;0;0;0;0;0;0;4.026317022173599e-37;0;0;0;0;0;0;500;700;950;1180;850;440;1250;450;595;840;795;750;800;800;800;0;3;0;0;0;0;3;4;0;50;60;20;10;0;0;0;0;3;4;0;50;60;20;10;0;0;0;0;2;1;0;7;8;6;5;0;0;0;0;0;0;0;0;0;0;0;0;0;0;0;0;0;0;0;0;0;0;0;4;0;0;0;0;4;2;0;7;6;8;9;0;0;0;0;0;0;0;0;0;0;0;0;0;0;0;0;0;0;0;0;0;0;0;0;0;0;0;0;0;0;0;0;0;0;0;0;0;0;0;0;0;0;0;0
2026-01-09 12:15:00;1;2;18;909;0;0;0;0;0;0;0;0;0;0.10200000000000001;0.105;0.108;0.11;0.114;0.117;0;0;0;0;0;0;4.026317022173599e-37;0;0;0;0;0;0;500;700;950;1180;850;440;1250;450;595;840;795;750;800;800;800;0;3;0;0;0;0;3;4;0;50;60;20;10;0;0;0;0;3;4;0;50;60;20;10;0;0;0;0;2;1;0;7;8;6;5;0;0;0;0;0;0;0;0;0;0;0;0;0;0;0;0;0;0;0;0;0;0;0;4;0;0;0;0;4;2;0;7;6;8;9;0;0;0;0;0;0;0;0;0;0;0;0;0;0;0;0;0;0;0;0;0;0;0;0;0;0;0;0;0;0;0;0;0;0;0;0;0;0;0;0;0;0;0;0
2026-01-09 12:16:00;1;2;18;909;0;0;0;0;0;0;0;0;0;0.10200000000000001;0.105;0.108;0.11;0.114;0.117;0;0;0;0;0;0;4.026317022173599e-37;0;0;0;0;0;0;500;700;950;1180;850;440;1250;450;595;840;795;750;800;800;800;0;3;0;0;0;0;3;4;0;50;60;20;10;0;0;0;0;3;4;0;50;60;20;10;0;0;0;0;2;1;0;7;8;6;5;0;0;0;0;0;0;0;0;0;0;0;0;0;0;0;0;0;0;0;0;0;0;0;4;0;0;0;0;4;2;0;7;6;8;9;0;0;0;0;0;0;0;0;0;0;0;0;0;0;0;0;0;0;0;0;0;0;0;0;0;0;0;0;0;0;0;0;0;0;0;0;0;0;0;0;0;0;0;0
2026-01-09 12:17:00;1;2;18;909;0;0;0;0;0;0;0;0;0;0.10200000000000001;0.105;0.108;0.11;0.114;0.117;0;0;0;0;0;0;4.026317022173599e-37;0;0;0;0;0;0;500;700;950;1180;850;440;1250;450;595;840;795;750;800;800;800;0;3;0;0;0;0;3;4;0;50;60;20;10;0;0;0;0;3;4;0;50;60;20;10;0;0;0;0;2;1;0;7;8;6;5;0;0;0;0;0;0;0;0;0;0;0;0;0;0;0;0;0;0;0;0;0;0;0;4;0;0;0;0;4;2;0;7;6;8;9;0;0;0;0;0;0;0;0;0;0;0;0;0;0;0;0;0;0;0;0;0;0;0;0;0;0;0;0;0;0;0;0;0;0;0;0;0;0;0;0;0;0;0;0
2026-01-09 12:18:00;1;2;18;909;0;0;0;0;0;0;0;0;0;0.10200000000000001;0.105;0.108;0.11;0.114;0.117;0;0;0;0;0;0;4.026317022173599e-37;0;0;0;0;0;0;500;700;950;1180;850;440;1250;450;595;840;795;750;800;800;800;0;3;0;0;0;0;3;4;0;50;60;20;10;0;0;0;0;3;4;0;50;60;20;10;0;0;0;0;2;1;0;7;8;6;5;0;0;0;0;0;0;0;0;0;0;0;0;0;0;0;0;0;0;0;0;0;0;0;4;0;0;0;0;4;2;0;7;6;8;9;0;0;0;0;0;0;0;0;0;0;0;0;0;0;0;0;0;0;0;0;0;0;0;0;0;0;0;0;0;0;0;0;0;0;0;0;0;0;0;0;0;0;0;0
2026-01-09 12:19:00;1;2;18;909;0;0;0;0;0;0;0;0;0;0.10200000000000001;0.105;0.108;0.11;0.114;0.117;0;0;0;0;0;0;4.026317022173599e-37;0;0;0;0;0;0;500;700;950;1180;850;440;1250;450;595;840;795;750;800;800;800;0;3;0;0;0;0;3;4;0;50;60;20;10;0;0;0;0;3;4;0;50;60;20;10;0;0;0;0;2;1;0;7;8;6;5;0;0;0;0;0;0;0;0;0;0;0;0;0;0;0;0;0;0;0;0;0;0;0;4;0;0;0;0;4;2;0;7;6;8;9;0;0;0;0;0;0;0;0;0;0;0;0;0;0;0;0;0;0;0;0;0;0;0;0;0;0;0;0;0;0;0;0;0;0;0;0;0;0;0;0;0;0;0;0
2026-01-09 12:20:00;1;2;18;909;0;0;0;0;0;0;0;0;0;0.10200000000000001;0.105;0.108;0.11;0.114;0.117;0;0;0;0;0;0;4.026317022173599e-37;0;0;0;0;0;0;500;700;950;1180;850;440;1250;450;595;840;795;750;800;800;800;0;3;0;0;0;0;3;4;0;50;60;20;10;0;0;0;0;3;4;0;50;60;20;10;0;0;0;0;2;1;0;7;8;6;5;0;0;0;0;0;0;0;0;0;0;0;0;0;0;0;0;0;0;0;0;0;0;0;4;0;0;0;0;4;2;0;7;6;8;9;0;0;0;0;0;0;0;0;0;0;0;0;0;0;0;0;0;0;0;0;0;0;0;0;0;0;0;0;0;0;0;0;0;0;0;0;0;0;0;0;0;0;0;0
2026-01-09 12:21:00;1;2;18;909;0;0;0;0;0;0;0;0;0;0.10200000000000001;0.105;0.108;0.11;0.114;0.117;0;0;0;0;0;0;4.026317022173599e-37;0;0;0;0;0;0;500;700;950;1180;850;440;1250;450;595;840;795;750;800;800;800;0;3;0;0;0;0;3;4;0;50;60;20;10;0;0;0;0;3;4;0;50;60;20;10;0;0;0;0;2;1;0;7;8;6;5;0;0;0;0;0;0;0;0;0;0;0;0;0;0;0;0;0;0;0;0;0;0;0;4;0;0;0;0;4;2;0;7;6;8;9;0;0;0;0;0;0;0;0;0;0;0;0;0;0;0;0;0;0;0;0;0;0;0;0;0;0;0;0;0;0;0;0;0;0;0;0;0;0;0;0;0;0;0;0
2026-01-09 12:22:00;1;2;18;909;0;0;0;0;0;0;0;0;0;0.10200000000000001;0.105;0.108;0.11;0.114;0.117;0;0;0;0;0;0;4.026317022173599e-37;0;0;0;0;0;0;500;700;950;1180;850;440;1250;450;595;840;795;750;800;800;800;0;3;0;0;0;0;3;4;0;50;60;20;10;0;0;0;0;3;4;0;50;60;20;10;0;0;0;0;2;1;0;7;8;6;5;0;0;0;0;0;0;0;0;0;0;0;0;0;0;0;0;0;0;0;0;0;0;0;4;0;0;0;0;4;2;0;7;6;8;9;0;0;0;0;0;0;0;0;0;0;0;0;0;0;0;0;0;0;0;0;0;0;0;0;0;0;0;0;0;0;0;0;0;0;0;0;0;0;0;0;0;0;0;0
2026-01-09 12:23:00;1;2;18;909;0;0;0;0;0;0;0;0;0;0.10200000000000001;0.105;0.108;0.11;0.114;0.117;0;0;0;0;0;0;4.026317022173599e-37;0;0;0;0;0;0;500;700;950;1180;850;440;1250;450;595;840;795;750;800;800;800;0;3;0;0;0;0;3;4;0;50;60;20;10;0;0;0;0;3;4;0;50;60;20;10;0;0;0;0;2;1;0;7;8;6;5;0;0;0;0;0;0;0;0;0;0;0;0;0;0;0;0;0;0;0;0;0;0;0;4;0;0;0;0;4;2;0;7;6;8;9;0;0;0;0;0;0;0;0;0;0;0;0;0;0;0;0;0;0;0;0;0;0;0;0;0;0;0;0;0;0;0;0;0;0;0;0;0;0;0;0;0;0;0;0
2026-01-09 12:24:00;1;2;18;909;0;0;0;0;0;0;0;0;0;0.10200000000000001;0.105;0.108;0.11;0.114;0.117;0;0;0;0;0;0;4.026317022173599e-37;0;0;0;0;0;0;500;700;950;1180;850;440;1250;450;595;840;795;750;800;800;800;0;3;0;0;0;0;3;4;0;50;60;20;10;0;0;0;0;3;4;0;50;60;20;10;0;0;0;0;2;1;0;7;8;6;5;0;0;0;0;0;0;0;0;0;0;0;0;0;0;0;0;0;0;0;0;0;0;0;4;0;0;0;0;4;2;0;7;6;8;9;0;0;0;0;0;0;0;0;0;0;0;0;0;0;0;0;0;0;0;0;0;0;0;0;0;0;0;0;0;0;0;0;0;0;0;0;0;0;0;0;0;0;0;0
2026-01-09 12:25:00;1;2;18;909;0;0;0;0;0;0;0;0;0;0.10200000000000001;0.105;0.108;0.11;0.114;0.117;0;0;0;0;0;0;4.026317022173599e-37;0;0;0;0;0;0;500;700;950;1180;850;440;1250;450;595;840;795;750;800;800;800;0;3;0;0;0;0;3;4;0;50;60;20;10;0;0;0;0;3;4;0;50;60;20;10;0;0;0;0;2;1;0;7;8;6;5;0;0;0;0;0;0;0;0;0;0;0;0;0;0;0;0;0;0;0;0;0;0;0;4;0;0;0;0;4;2;0;7;6;8;9;0;0;0;0;0;0;0;0;0;0;0;0;0;0;0;0;0;0;0;0;0;0;0;0;0;0;0;0;0;0;0;0;0;0;0;0;0;0;0;0;0;0;0;0
2026-01-09 12:26:00;1;2;18;909;0;0;0;0;0;0;0;0;0;0.10200000000000001;0.105;0.108;0.11;0.114;0.117;0;0;0;0;0;0;4.026317022173599e-37;0;0;0;0;0;0;500;700;950;1180;850;440;1250;450;595;840;795;750;800;800;800;0;3;0;0;0;0;3;4;0;50;60;20;10;0;0;0;0;3;4;0;50;60;20;10;0;0;0;0;2;1;0;7;8;6;5;0;0;0;0;0;0;0;0;0;0;0;0;0;0;0;0;0;0;0;0;0;0;0;4;0;0;0;0;4;2;0;7;6;8;9;0;0;0;0;0;0;0;0;0;0;0;0;0;0;0;0;0;0;0;0;0;0;0;0;0;0;0;0;0;0;0;0;0;0;0;0;0;0;0;0;0;0;0;0
2026-01-09 12:27:00;1;2;18;909;0;0;0;0;0;0;0;0;0;0.10200000000000001;0.105;0.108;0.11;0.114;0.117;0;0;0;0;0;0;4.026317022173599e-37;0;0;0;0;0;0;500;700;950;1180;850;440;1250;450;595;840;795;750;800;800;800;0;3;0;0;0;0;3;4;0;50;60;20;10;0;0;0;0;3;4;0;50;60;20;10;0;0;0;0;2;1;0;7;8;6;5;0;0;0;0;0;0;0;0;0;0;0;0;0;0;0;0;0;0;0;0;0;0;0;4;0;0;0;0;4;2;0;7;6;8;9;0;0;0;0;0;0;0;0;0;0;0;0;0;0;0;0;0;0;0;0;0;0;0;0;0;0;0;0;0;0;0;0;0;0;0;0;0;0;0;0;0;0;0;0
2026-01-09 12:28:00;1;2;18;909;0;0;0;0;0;0;0;0;0;0.10200000000000001;0.105;0.108;0.11;0.114;0.117;0;0;0;0;0;0;4.026317022173599e-37;0;0;0;0;0;0;500;700;950;1180;850;440;1250;450;595;840;795;750;800;800;800;0;3;0;0;0;0;3;4;0;50;60;20;10;0;0;0;0;3;4;0;50;60;20;10;0;0;0;0;2;1;0;7;8;6;5;0;0;0;0;0;0;0;0;0;0;0;0;0;0;0;0;0;0;0;0;0;0;0;4;0;0;0;0;4;2;0;7;6;8;9;0;0;0;0;0;0;0;0;0;0;0;0;0;0;0;0;0;0;0;0;0;0;0;0;0;0;0;0;0;0;0;0;0;0;0;0;0;0;0;0;0;0;0;0
2026-01-09 12:29:00;1;2;18;909;0;0;0;0;0;0;0;0;0;0.10200000000000001;0.105;0.108;0.11;0.114;0.117;0;0;0;0;0;0;4.026317022173599e-37;0;0;0;0;0;0;500;700;950;1180;850;440;1250;450;595;840;795;750;800;800;800;0;3;0;0;0;0;3;4;0;50;60;20;10;0;0;0;0;3;4;0;50;60;20;10;0;0;0;0;2;1;0;7;8;6;5;0;0;0;0;0;0;0;0;0;0;0;0;0;0;0;0;0;0;0;0;0;0;0;4;0;0;0;0;4;2;0;7;6;8;9;0;0;0;0;0;0;0;0;0;0;0;0;0;0;0;0;0;0;0;0;0;0;0;0;0;0;0;0;0;0;0;0;0;0;0;0;0;0;0;0;0;0;0;0
2026-01-09 12:30:00;1;2;18;909;0;0;0;0;0;0;0;0;0;0.10200000000000001;0.105;0.108;0.11;0.114;0.117;0;0;0;0;0;0;4.026317022173599e-37;0;0;0;0;0;0;500;700;950;1180;850;440;1250;450;595;840;795;750;800;800;800;0;3;0;0;0;0;3;4;0;50;60;20;10;0;0;0;0;3;4;0;50;60;20;10;0;0;0;0;2;1;0;7;8;6;5;0;0;0;0;0;0;0;0;0;0;0;0;0;0;0;0;0;0;0;0;0;0;0;4;0;0;0;0;4;2;0;7;6;8;9;0;0;0;0;0;0;0;0;0;0;0;0;0;0;0;0;0;0;0;0;0;0;0;0;0;0;0;0;0;0;0;0;0;0;0;0;0;0;0;0;0;0;0;0
2026-01-09 12:31:00;1;2;18;909;0;0;0;0;0;0;0;0;0;0.10200000000000001;0.105;0.108;0.11;0.114;0.117;0;0;0;0;0;0;4.026317022173599e-37;0;0;0;0;0;0;500;700;950;1180;850;440;1250;450;595;840;795;750;800;800;800;0;3;0;0;0;0;3;4;0;50;60;20;10;0;0;0;0;3;4;0;50;60;20;10;0;0;0;0;2;1;0;7;8;6;5;0;0;0;0;0;0;0;0;0;0;0;0;0;0;0;0;0;0;0;0;0;0;0;4;0;0;0;0;4;2;0;7;6;8;9;0;0;0;0;0;0;0;0;0;0;0;0;0;0;0;0;0;0;0;0;0;0;0;0;0;0;0;0;0;0;0;0;0;0;0;0;0;0;0;0;0;0;0;0
2026-01-09 12:32:00;1;2;18;909;0;0;0;0;0;0;0;0;0;0.10200000000000001;0.105;0.108;0.11;0.114;0.117;0;0;0;0;0;0;4.026317022173599e-37;0;0;0;0;0;0;500;700;950;1180;850;440;1250;450;595;840;795;750;800;800;800;0;3;0;0;0;0;3;4;0;50;60;20;10;0;0;0;0;3;4;0;50;60;20;10;0;0;0;0;2;1;0;7;8;6;5;0;0;0;0;0;0;0;0;0;0;0;0;0;0;0;0;0;0;0;0;0;0;0;4;0;0;0;0;4;2;0;7;6;8;9;0;0;0;0;0;0;0;0;0;0;0;0;0;0;0;0;0;0;0;0;0;0;0;0;0;0;0;0;0;0;0;0;0;0;0;0;0;0;0;0;0;0;0;0
2026-01-09 12:33:00;1;2;18;909;0;0;0;0;0;0;0;0;0;0.10200000000000001;0.105;0.108;0.11;0.114;0.117;0;0;0;0;0;0;4.026317022173599e-37;0;0;0;0;0;0;500;700;950;1180;850;440;1250;450;595;840;795;750;800;800;800;0;3;0;0;0;0;3;4;0;50;60;20;10;0;0;0;0;3;4;0;50;60;20;10;0;0;0;0;2;1;0;7;8;6;5;0;0;0;0;0;0;0;0;0;0;0;0;0;0;0;0;0;0;0;0;0;0;0;4;0;0;0;0;4;2;0;7;6;8;9;0;0;0;0;0;0;0;0;0;0;0;0;0;0;0;0;0;0;0;0;0;0;0;0;0;0;0;0;0;0;0;0;0;0;0;0;0;0;0;0;0;0;0;0
2026-01-09 12:34:00;1;2;18;909;0;0;0;0;0;0;0;0;0;0.10200000000000001;0.105;0.108;0.11;0.114;0.117;0;0;0;0;0;0;4.026317022173599e-37;0;0;0;0;0;0;500;700;950;1180;850;440;1250;450;595;840;795;750;800;800;800;0;3;0;0;0;0;3;4;0;50;60;20;10;0;0;0;0;3;4;0;50;60;20;10;0;0;0;0;2;1;0;7;8;6;5;0;0;0;0;0;0;0;0;0;0;0;0;0;0;0;0;0;0;0;0;0;0;0;4;0;0;0;0;4;2;0;7;6;8;9;0;0;0;0;0;0;0;0;0;0;0;0;0;0;0;0;0;0;0;0;0;0;0;0;0;0;0;0;0;0;0;0;0;0;0;0;0;0;0;0;0;0;0;0
2026-01-09 12:35:00;1;2;18;909;0;0;0;0;0;0;0;0;0;0.10200000000000001;0.105;0.108;0.11;0.114;0.117;0;0;0;0;0;0;4.026317022173599e-37;0;0;0;0;0;0;500;700;950;1180;850;440;1250;450;595;840;795;750;800;800;800;0;3;0;0;0;0;3;4;0;50;60;20;10;0;0;0;0;3;4;0;50;60;20;10;0;0;0;0;2;1;0;7;8;6;5;0;0;0;0;0;0;0;0;0;0;0;0;0;0;0;0;0;0;0;0;0;0;0;4;0;0;0;0;4;2;0;7;6;8;9;0;0;0;0;0;0;0;0;0;0;0;0;0;0;0;0;0;0;0;0;0;0;0;0;0;0;0;0;0;0;0;0;0;0;0;0;0;0;0;0;0;0;0;0
2026-01-09 13:43:00;1;2;18;909;0;0;0;0;0;0;0;0;0;0.10200000000000001;0.105;0.108;0.11;0.114;0.117;0;0;0;0;0;0;4.026317022173599e-37;0;0;0;0;0;0;500;700;950;1180;850;440;1250;450;595;840;795;750;800;800;800;0;3;0;0;0;0;3;4;0;50;60;20;10;0;0;0;0;3;4;0;50;60;20;10;0;0;0;0;2;1;0;7;8;6;5;0;0;0;0;0;0;0;0;0;0;0;0;0;0;0;0;0;0;0;0;0;0;0;4;0;0;0;0;4;2;0;7;6;8;9;0;0;0;0;0;0;0;0;0;0;0;0;0;0;0;0;0;0;0;0;0;0;0;0;0;0;0;0;0;0;0;0;0;0;0;0;0;0;0;0;0;0;0;0
2026-01-09 13:44:00;1;2;18;909;0;0;0;0;0;0;0;0;0;0.10200000000000001;0.105;0.108;0.11;0.114;0.117;0;0;0;0;0;0;4.026317022173599e-37;0;0;0;0;0;0;500;700;950;1180;850;440;1250;450;595;840;795;750;800;800;800;0;3;0;0;0;0;3;4;0;50;60;20;10;0;0;0;0;3;4;0;50;60;20;10;0;0;0;0;2;1;0;7;8;6;5;0;0;0;0;0;0;0;0;0;0;0;0;0;0;0;0;0;0;0;0;0;0;0;4;0;0;0;0;4;2;0;7;6;8;9;0;0;0;0;0;0;0;0;0;0;0;0;0;0;0;0;0;0;0;0;0;0;0;0;0;0;0;0;0;0;0;0;0;0;0;0;0;0;0;0;0;0;0;0
2026-01-09 13:45:00;1;2;18;909;0;0;0;0;0;0;0;0;0;0.10200000000000001;0.105;0.108;0.11;0.114;0.117;0;0;0;0;0;0;4.026317022173599e-37;0;0;0;0;0;0;500;700;950;1180;850;440;1250;450;595;840;795;750;800;800;800;0;3;0;0;0;0;3;4;0;50;60;20;10;0;0;0;0;3;4;0;50;60;20;10;0;0;0;0;2;1;0;7;8;6;5;0;0;0;0;0;0;0;0;0;0;0;0;0;0;0;0;0;0;0;0;0;0;0;4;0;0;0;0;4;2;0;7;6;8;9;0;0;0;0;0;0;0;0;0;0;0;0;0;0;0;0;0;0;0;0;0;0;0;0;0;0;0;0;0;0;0;0;0;0;0;0;0;0;0;0;0;0;0;0
2026-01-09 13:46:00;1;2;18;909;0;0;0;0;0;0;0;0;0;0.10200000000000001;0.105;0.108;0.11;0.114;0.117;0;0;0;0;0;0;4.026317022173599e-37;0;0;0;0;0;0;500;700;950;1180;850;440;1250;450;595;840;795;750;800;800;800;0;3;0;0;0;0;3;4;0;50;60;20;10;0;0;0;0;3;4;0;50;60;20;10;0;0;0;0;2;1;0;7;8;6;5;0;0;0;0;0;0;0;0;0;0;0;0;0;0;0;0;0;0;0;0;0;0;0;4;0;0;0;0;4;2;0;7;6;8;9;0;0;0;0;0;0;0;0;0;0;0;0;0;0;0;0;0;0;0;0;0;0;0;0;0;0;0;0;0;0;0;0;0;0;0;0;0;0;0;0;0;0;0;0
2026-01-09 13:47:00;1;2;18;909;0;0;0;0;0;0;0;0;0;0.10200000000000001;0.105;0.108;0.11;0.114;0.117;0;0;0;0;0;0;4.026317022173599e-37;0;0;0;0;0;0;500;700;950;1180;850;440;1250;450;595;840;795;750;800;800;800;0;3;0;0;0;0;3;4;0;50;60;20;10;0;0;0;0;3;4;0;50;60;20;10;0;0;0;0;2;1;0;7;8;6;5;0;0;0;0;0;0;0;0;0;0;0;0;0;0;0;0;0;0;0;0;0;0;0;4;0;0;0;0;4;2;0;7;6;8;9;0;0;0;0;0;0;0;0;0;0;0;0;0;0;0;0;0;0;0;0;0;0;0;0;0;0;0;0;0;0;0;0;0;0;0;0;0;0;0;0;0;0;0;0
2026-01-09 13:48:00;1;2;18;909;0;0;0;0;0;0;0;0;0;0.10200000000000001;0.105;0.108;0.11;0.114;0.117;0;0;0;0;0;0;4.026317022173599e-37;0;0;0;0;0;0;500;700;950;1180;850;440;1250;450;595;840;795;750;800;800;800;0;3;0;0;0;0;3;4;0;50;60;20;10;0;0;0;0;3;4;0;50;60;20;10;0;0;0;0;2;1;0;7;8;6;5;0;0;0;0;0;0;0;0;0;0;0;0;0;0;0;0;0;0;0;0;0;0;0;4;0;0;0;0;4;2;0;7;6;8;9;0;0;0;0;0;0;0;0;0;0;0;0;0;0;0;0;0;0;0;0;0;0;0;0;0;0;0;0;0;0;0;0;0;0;0;0;0;0;0;0;0;0;0;0
2026-01-09 13:49:00;1;2;18;909;0;0;0;0;0;0;0;0;0;0.10200000000000001;0.105;0.108;0.11;0.114;0.117;0;0;0;0;0;0;4.026317022173599e-37;0;0;0;0;0;0;500;700;950;1180;850;440;1250;450;595;840;795;750;800;800;800;0;3;0;0;0;0;3;4;0;50;60;20;10;0;0;0;0;3;4;0;50;60;20;10;0;0;0;0;2;1;0;7;8;6;5;0;0;0;0;0;0;0;0;0;0;0;0;0;0;0;0;0;0;0;0;0;0;0;4;0;0;0;0;4;2;0;7;6;8;9;0;0;0;0;0;0;0;0;0;0;0;0;0;0;0;0;0;0;0;0;0;0;0;0;0;0;0;0;0;0;0;0;0;0;0;0;0;0;0;0;0;0;0;0
2026-01-09 13:50:00;1;2;18;909;0;0;0;0;0;0;0;0;0;0.10200000000000001;0.105;0.108;0.11;0.114;0.117;0;0;0;0;0;0;4.026317022173599e-37;0;0;0;0;0;0;500;700;950;1180;850;440;1250;450;595;840;795;750;800;800;800;0;3;0;0;0;0;3;4;0;50;60;20;10;0;0;0;0;3;4;0;50;60;20;10;0;0;0;0;2;1;0;7;8;6;5;0;0;0;0;0;0;0;0;0;0;0;0;0;0;0;0;0;0;0;0;0;0;0;4;0;0;0;0;4;2;0;7;6;8;9;0;0;0;0;0;0;0;0;0;0;0;0;0;0;0;0;0;0;0;0;0;0;0;0;0;0;0;0;0;0;0;0;0;0;0;0;0;0;0;0;0;0;0;0
2026-01-09 13:51:00;1;2;18;909;0;0;0;0;0;0;0;0;0;0.10200000000000001;0.105;0.108;0.11;0.114;0.117;0;0;0;0;0;0;4.026317022173599e-37;0;0;0;0;0;0;500;700;950;1180;850;440;1250;450;595;840;795;750;800;800;800;0;3;0;0;0;0;3;4;0;50;60;20;10;0;0;0;0;3;4;0;50;60;20;10;0;0;0;0;2;1;0;7;8;6;5;0;0;0;0;0;0;0;0;0;0;0;0;0;0;0;0;0;0;0;0;0;0;0;4;0;0;0;0;4;2;0;7;6;8;9;0;0;0;0;0;0;0;0;0;0;0;0;0;0;0;0;0;0;0;0;0;0;0;0;0;0;0;0;0;0;0;0;0;0;0;0;0;0;0;0;0;0;0;0
2026-01-09 13:52:00;1;2;18;909;0;0;0;0;0;0;0;0;0;0.10200000000000001;0.105;0.108;0.11;0.114;0.117;0;0;0;0;0;0;4.026317022173599e-37;0;0;0;0;0;0;500;700;950;1180;850;440;1250;450;595;840;795;750;800;800;800;0;3;0;0;0;0;3;4;0;50;60;20;10;0;0;0;0;3;4;0;50;60;20;10;0;0;0;0;2;1;0;7;8;6;5;0;0;0;0;0;0;0;0;0;0;0;0;0;0;0;0;0;0;0;0;0;0;0;4;0;0;0;0;4;2;0;7;6;8;9;0;0;0;0;0;0;0;0;0;0;0;0;0;0;0;0;0;0;0;0;0;0;0;0;0;0;0;0;0;0;0;0;0;0;0;0;0;0;0;0;0;0;0;0
2026-01-09 13:53:00;1;2;18;909;0;0;0;0;0;0;0;0;0;0.10200000000000001;0.105;0.108;0.11;0.114;0.117;0;0;0;0;0;0;4.026317022173599e-37;0;0;0;0;0;0;500;700;950;1180;850;440;1250;450;595;840;795;750;800;800;800;0;3;0;0;0;0;3;4;0;50;60;20;10;0;0;0;0;3;4;0;50;60;20;10;0;0;0;0;2;1;0;7;8;6;5;0;0;0;0;0;0;0;0;0;0;0;0;0;0;0;0;0;0;0;0;0;0;0;4;0;0;0;0;4;2;0;7;6;8;9;0;0;0;0;0;0;0;0;0;0;0;0;0;0;0;0;0;0;0;0;0;0;0;0;0;0;0;0;0;0;0;0;0;0;0;0;0;0;0;0;0;0;0;0
2026-01-09 13:55:00;1;2;18;909;0;0;0;0;0;0;0;0;0;0.10200000000000001;0.105;0.108;0.11;0.114;0.117;0;0;0;0;0;0;4.026317022173599e-37;0;0;0;0;0;0;500;700;950;1180;850;440;1250;450;595;840;795;750;800;800;800;0;3;0;0;0;0;3;4;0;50;60;20;10;0;0;0;0;3;4;0;50;60;20;10;0;0;0;0;2;1;0;7;8;6;5;0;0;0;0;0;0;0;0;0;0;0;0;0;0;0;0;0;0;0;0;0;0;0;4;0;0;0;0;4;2;0;7;6;8;9;0;0;0;0;0;0;0;0;0;0;0;0;0;0;0;0;0;0;0;0;0;0;0;0;0;0;0;0;0;0;0;0;0;0;0;0;0;0;0;0;0;0;0;0
2026-01-09 13:56:00;1;2;18;909;0;0;0;0;0;0;0;0;0;0.10200000000000001;0.105;0.108;0.11;0.114;0.117;0;0;0;0;0;0;4.026317022173599e-37;0;0;0;0;0;0;500;700;950;1180;850;440;1250;450;595;840;795;750;800;800;800;0;3;0;0;0;0;3;4;0;50;60;20;10;0;0;0;0;3;4;0;50;60;20;10;0;0;0;0;2;1;0;7;8;6;5;0;0;0;0;0;0;0;0;0;0;0;0;0;0;0;0;0;0;0;0;0;0;0;4;0;0;0;0;4;2;0;7;6;8;9;0;0;0;0;0;0;0;0;0;0;0;0;0;0;0;0;0;0;0;0;0;0;0;0;0;0;0;0;0;0;0;0;0;0;0;0;0;0;0;0;0;0;0;0
2026-01-09 13:57:00;1;2;18;909;0;0;0;0;0;0;0;0;0;0.10200000000000001;0.105;0.108;0.11;0.114;0.117;0;0;0;0;0;0;4.026317022173599e-37;0;0;0;0;0;0;500;700;950;1180;850;440;1250;450;595;840;795;750;800;800;800;0;3;0;0;0;0;3;4;0;50;60;20;10;0;0;0;0;3;4;0;50;60;20;10;0;0;0;0;2;1;0;7;8;6;5;0;0;0;0;0;0;0;0;0;0;0;0;0;0;0;0;0;0;0;0;0;0;0;4;0;0;0;0;4;2;0;7;6;8;9;0;0;0;0;0;0;0;0;0;0;0;0;0;0;0;0;0;0;0;0;0;0;0;0;0;0;0;0;0;0;0;0;0;0;0;0;0;0;0;0;0;0;0;0
2026-01-09 13:58:00;1;2;18;909;0;0;0;0;0;0;0;0;0;0.10200000000000001;0.105;0.108;0.11;0.114;0.117;0;0;0;0;0;0;4.026317022173599e-37;0;0;0;0;0;0;500;700;950;1180;850;440;1250;450;595;840;795;750;800;800;800;0;3;0;0;0;0;3;4;0;50;60;20;10;0;0;0;0;3;4;0;50;60;20;10;0;0;0;0;2;1;0;7;8;6;5;0;0;0;0;0;0;0;0;0;0;0;0;0;0;0;0;0;0;0;0;0;0;0;4;0;0;0;0;4;2;0;7;6;8;9;0;0;0;0;0;0;0;0;0;0;0;0;0;0;0;0;0;0;0;0;0;0;0;0;0;0;0;0;0;0;0;0;0;0;0;0;0;0;0;0;0;0;0;0
2026-01-09 13:59:00;1;2;18;909;0;0;0;0;0;0;0;0;0;0.10200000000000001;0.105;0.108;0.11;0.114;0.117;0;0;0;0;0;0;4.026317022173599e-37;0;0;0;0;0;0;500;700;950;1180;850;440;1250;450;595;840;795;750;800;800;800;0;3;0;0;0;0;3;4;0;50;60;20;10;0;0;0;0;3;4;0;50;60;20;10;0;0;0;0;2;1;0;7;8;6;5;0;0;0;0;0;0;0;0;0;0;0;0;0;0;0;0;0;0;0;0;0;0;0;4;0;0;0;0;4;2;0;7;6;8;9;0;0;0;0;0;0;0;0;0;0;0;0;0;0;0;0;0;0;0;0;0;0;0;0;0;0;0;0;0;0;0;0;0;0;0;0;0;0;0;0;0;0;0;0
2026-01-09 14:00:00;1;2;18;909;0;0;0;0;0;0;0;0;0;0.10200000000000001;0.105;0.108;0.11;0.114;0.117;0;0;0;0;0;0;4.026317022173599e-37;0;0;0;0;0;0;500;700;950;1180;850;440;1250;450;595;840;795;750;800;800;800;0;3;0;0;0;0;3;4;0;50;60;20;10;0;0;0;0;3;4;0;50;60;20;10;0;0;0;0;2;1;0;7;8;6;5;0;0;0;0;0;0;0;0;0;0;0;0;0;0;0;0;0;0;0;0;0;0;0;4;0;0;0;0;4;2;0;7;6;8;9;0;0;0;0;0;0;0;0;0;0;0;0;0;0;0;0;0;0;0;0;0;0;0;0;0;0;0;0;0;0;0;0;0;0;0;0;0;0;0;0;0;0;0;0
2026-01-09 14:01:00;1;2;18;909;0;0;0;0;0;0;0;0;0;0.10200000000000001;0.105;0.108;0.11;0.114;0.117;0;0;0;0;0;0;4.026317022173599e-37;0;0;0;0;0;0;500;700;950;1180;850;440;1250;450;595;840;795;750;800;800;800;0;3;0;0;0;0;3;4;0;50;60;20;10;0;0;0;0;3;4;0;50;60;20;10;0;0;0;0;2;1;0;7;8;6;5;0;0;0;0;0;0;0;0;0;0;0;0;0;0;0;0;0;0;0;0;0;0;0;4;0;0;0;0;4;2;0;7;6;8;9;0;0;0;0;0;0;0;0;0;0;0;0;0;0;0;0;0;0;0;0;0;0;0;0;0;0;0;0;0;0;0;0;0;0;0;0;0;0;0;0;0;0;0;0
2026-01-09 14:02:00;1;2;18;909;0;0;0;0;0;0;0;0;0;0.10200000000000001;0.105;0.108;0.11;0.114;0.117;0;0;0;0;0;0;4.026317022173599e-37;0;0;0;0;0;0;500;700;950;1180;850;440;1250;450;595;840;795;750;800;800;800;0;3;0;0;0;0;3;4;0;50;60;20;10;0;0;0;0;3;4;0;50;60;20;10;0;0;0;0;2;1;0;7;8;6;5;0;0;0;0;0;0;0;0;0;0;0;0;0;0;0;0;0;0;0;0;0;0;0;4;0;0;0;0;4;2;0;7;6;8;9;0;0;0;0;0;0;0;0;0;0;0;0;0;0;0;0;0;0;0;0;0;0;0;0;0;0;0;0;0;0;0;0;0;0;0;0;0;0;0;0;0;0;0;0
2026-01-09 14:03:00;1;2;18;909;0;0;0;0;0;0;0;0;0;0.10200000000000001;0.105;0.108;0.11;0.114;0.117;0;0;0;0;0;0;4.026317022173599e-37;0;0;0;0;0;0;500;700;950;1180;850;440;1250;450;595;840;795;750;800;800;800;0;3;0;0;0;0;3;4;0;50;60;20;10;0;0;0;0;3;4;0;50;60;20;10;0;0;0;0;2;1;0;7;8;6;5;0;0;0;0;0;0;0;0;0;0;0;0;0;0;0;0;0;0;0;0;0;0;0;4;0;0;0;0;4;2;0;7;6;8;9;0;0;0;0;0;0;0;0;0;0;0;0;0;0;0;0;0;0;0;0;0;0;0;0;0;0;0;0;0;0;0;0;0;0;0;0;0;0;0;0;0;0;0;0
2026-01-09 14:04:00;1;2;18;909;0;0;0;0;0;0;0;0;0;0.10200000000000001;0.105;0.108;0.11;0.114;0.117;0;0;0;0;0;0;4.026317022173599e-37;0;0;0;0;0;0;500;700;950;1180;850;440;1250;450;595;840;795;750;800;800;800;0;3;0;0;0;0;3;4;0;50;60;20;10;0;0;0;0;3;4;0;50;60;20;10;0;0;0;0;2;1;0;7;8;6;5;0;0;0;0;0;0;0;0;0;0;0;0;0;0;0;0;0;0;0;0;0;0;0;4;0;0;0;0;4;2;0;7;6;8;9;0;0;0;0;0;0;0;0;0;0;0;0;0;0;0;0;0;0;0;0;0;0;0;0;0;0;0;0;0;0;0;0;0;0;0;0;0;0;0;0;0;0;0;0
2026-01-09 14:05:00;1;2;18;909;0;0;0;0;0;0;0;0;0;0.10200000000000001;0.105;0.108;0.11;0.114;0.117;0;0;0;0;0;0;4.026317022173599e-37;0;0;0;0;0;0;500;700;950;1180;850;440;1250;450;595;840;795;750;800;800;800;0;3;0;0;0;0;3;4;0;50;60;20;10;0;0;0;0;3;4;0;50;60;20;10;0;0;0;0;2;1;0;7;8;6;5;0;0;0;0;0;0;0;0;0;0;0;0;0;0;0;0;0;0;0;0;0;0;0;4;0;0;0;0;4;2;0;7;6;8;9;0;0;0;0;0;0;0;0;0;0;0;0;0;0;0;0;0;0;0;0;0;0;0;0;0;0;0;0;0;0;0;0;0;0;0;0;0;0;0;0;0;0;0;0
2026-01-09 14:06:00;1;2;18;909;0;0;0;0;0;0;0;0;0;0.10200000000000001;0.105;0.108;0.11;0.114;0.117;0;0;0;0;0;0;4.026317022173599e-37;0;0;0;0;0;0;500;700;950;1180;850;440;1250;450;595;840;795;750;800;800;800;0;3;0;0;0;0;3;4;0;50;60;20;10;0;0;0;0;3;4;0;50;60;20;10;0;0;0;0;2;1;0;7;8;6;5;0;0;0;0;0;0;0;0;0;0;0;0;0;0;0;0;0;0;0;0;0;0;0;4;0;0;0;0;4;2;0;7;6;8;9;0;0;0;0;0;0;0;0;0;0;0;0;0;0;0;0;0;0;0;0;0;0;0;0;0;0;0;0;0;0;0;0;0;0;0;0;0;0;0;0;0;0;0;0
2026-01-09 14:07:00;1;2;18;909;0;0;0;0;0;0;0;0;0;0.10200000000000001;0.105;0.108;0.11;0.114;0.117;0;0;0;0;0;0;4.026317022173599e-37;0;0;0;0;0;0;500;700;950;1180;850;440;1250;450;595;840;795;750;800;800;800;0;3;0;0;0;0;3;4;0;50;60;20;10;0;0;0;0;3;4;0;50;60;20;10;0;0;0;0;2;1;0;7;8;6;5;0;0;0;0;0;0;0;0;0;0;0;0;0;0;0;0;0;0;0;0;0;0;0;4;0;0;0;0;4;2;0;7;6;8;9;0;0;0;0;0;0;0;0;0;0;0;0;0;0;0;0;0;0;0;0;0;0;0;0;0;0;0;0;0;0;0;0;0;0;0;0;0;0;0;0;0;0;0;0
2026-01-09 14:08:00;1;2;18;909;0;0;0;0;0;0;0;0;0;0.10200000000000001;0.105;0.108;0.11;0.114;0.117;0;0;0;0;0;0;4.026317022173599e-37;0;0;0;0;0;0;500;700;950;1180;850;440;1250;450;595;840;795;750;800;800;800;0;3;0;0;0;0;3;4;0;50;60;20;10;0;0;0;0;3;4;0;50;60;20;10;0;0;0;0;2;1;0;7;8;6;5;0;0;0;0;0;0;0;0;0;0;0;0;0;0;0;0;0;0;0;0;0;0;0;4;0;0;0;0;4;2;0;7;6;8;9;0;0;0;0;0;0;0;0;0;0;0;0;0;0;0;0;0;0;0;0;0;0;0;0;0;0;0;0;0;0;0;0;0;0;0;0;0;0;0;0;0;0;0;0
2026-01-09 14:09:00;1;2;18;909;0;0;0;0;0;0;0;0;0;0.10200000000000001;0.105;0.108;0.11;0.114;0.117;0;0;0;0;0;0;4.026317022173599e-37;0;0;0;0;0;0;500;700;950;1180;850;440;1250;450;595;840;795;750;800;800;800;0;3;0;0;0;0;3;4;0;50;60;20;10;0;0;0;0;3;4;0;50;60;20;10;0;0;0;0;2;1;0;7;8;6;5;0;0;0;0;0;0;0;0;0;0;0;0;0;0;0;0;0;0;0;0;0;0;0;4;0;0;0;0;4;2;0;7;6;8;9;0;0;0;0;0;0;0;0;0;0;0;0;0;0;0;0;0;0;0;0;0;0;0;0;0;0;0;0;0;0;0;0;0;0;0;0;0;0;0;0;0;0;0;0
2026-01-09 14:10:00;1;2;18;909;0;0;0;0;0;0;0;0;0;0.10200000000000001;0.105;0.108;0.11;0.114;0.117;0;0;0;0;0;0;4.026317022173599e-37;0;0;0;0;0;0;500;700;950;1180;850;440;1250;450;595;840;795;750;800;800;800;0;3;0;0;0;0;3;4;0;50;60;20;10;0;0;0;0;3;4;0;50;60;20;10;0;0;0;0;2;1;0;7;8;6;5;0;0;0;0;0;0;0;0;0;0;0;0;0;0;0;0;0;0;0;0;0;0;0;4;0;0;0;0;4;2;0;7;6;8;9;0;0;0;0;0;0;0;0;0;0;0;0;0;0;0;0;0;0;0;0;0;0;0;0;0;0;0;0;0;0;0;0;0;0;0;0;0;0;0;0;0;0;0;0
2026-01-09 14:11:00;1;2;18;909;0;0;0;0;0;0;0;0;0;0.10200000000000001;0.105;0.108;0.11;0.114;0.117;0;0;0;0;0;0;4.026317022173599e-37;0;0;0;0;0;0;500;700;950;1180;850;440;1250;450;595;840;795;750;800;800;800;0;3;0;0;0;0;3;4;0;50;60;20;10;0;0;0;0;3;4;0;50;60;20;10;0;0;0;0;2;1;0;7;8;6;5;0;0;0;0;0;0;0;0;0;0;0;0;0;0;0;0;0;0;0;0;0;0;0;4;0;0;0;0;4;2;0;7;6;8;9;0;0;0;0;0;0;0;0;0;0;0;0;0;0;0;0;0;0;0;0;0;0;0;0;0;0;0;0;0;0;0;0;0;0;0;0;0;0;0;0;0;0;0;0
2026-01-09 14:12:00;1;2;18;909;0;0;0;0;0;0;0;0;0;0.10200000000000001;0.105;0.108;0.11;0.114;0.117;0;0;0;0;0;0;4.026317022173599e-37;0;0;0;0;0;0;500;700;950;1180;850;440;1250;450;595;840;795;750;800;800;800;0;3;0;0;0;0;3;4;0;50;60;20;10;0;0;0;0;3;4;0;50;60;20;10;0;0;0;0;2;1;0;7;8;6;5;0;0;0;0;0;0;0;0;0;0;0;0;0;0;0;0;0;0;0;0;0;0;0;4;0;0;0;0;4;2;0;7;6;8;9;0;0;0;0;0;0;0;0;0;0;0;0;0;0;0;0;0;0;0;0;0;0;0;0;0;0;0;0;0;0;0;0;0;0;0;0;0;0;0;0;0;0;0;0
2026-01-09 14:13:00;1;2;18;909;0;0;0;0;0;0;0;0;0;0.10200000000000001;0.105;0.108;0.11;0.114;0.117;0;0;0;0;0;0;4.026317022173599e-37;0;0;0;0;0;0;500;700;950;1180;850;440;1250;450;595;840;795;750;800;800;800;0;3;0;0;0;0;3;4;0;50;60;20;10;0;0;0;0;3;4;0;50;60;20;10;0;0;0;0;2;1;0;7;8;6;5;0;0;0;0;0;0;0;0;0;0;0;0;0;0;0;0;0;0;0;0;0;0;0;4;0;0;0;0;4;2;0;7;6;8;9;0;0;0;0;0;0;0;0;0;0;0;0;0;0;0;0;0;0;0;0;0;0;0;0;0;0;0;0;0;0;0;0;0;0;0;0;0;0;0;0;0;0;0;0
2026-01-09 14:14:00;1;2;18;909;0;0;0;0;0;0;0;0;0;0.10200000000000001;0.105;0.108;0.11;0.114;0.117;0;0;0;0;0;0;4.026317022173599e-37;0;0;0;0;0;0;500;700;950;1180;850;440;1250;450;595;840;795;750;800;800;800;0;3;0;0;0;0;3;4;0;50;60;20;10;0;0;0;0;3;4;0;50;60;20;10;0;0;0;0;2;1;0;7;8;6;5;0;0;0;0;0;0;0;0;0;0;0;0;0;0;0;0;0;0;0;0;0;0;0;4;0;0;0;0;4;2;0;7;6;8;9;0;0;0;0;0;0;0;0;0;0;0;0;0;0;0;0;0;0;0;0;0;0;0;0;0;0;0;0;0;0;0;0;0;0;0;0;0;0;0;0;0;0;0;0
2026-01-09 14:15:00;1;2;18;909;0;0;0;0;0;0;0;0;0;0.10200000000000001;0.105;0.108;0.11;0.114;0.117;0;0;0;0;0;0;4.026317022173599e-37;0;0;0;0;0;0;500;700;950;1180;850;440;1250;450;595;840;795;750;800;800;800;0;3;0;0;0;0;3;4;0;50;60;20;10;0;0;0;0;3;4;0;50;60;20;10;0;0;0;0;2;1;0;7;8;6;5;0;0;0;0;0;0;0;0;0;0;0;0;0;0;0;0;0;0;0;0;0;0;0;4;0;0;0;0;4;2;0;7;6;8;9;0;0;0;0;0;0;0;0;0;0;0;0;0;0;0;0;0;0;0;0;0;0;0;0;0;0;0;0;0;0;0;0;0;0;0;0;0;0;0;0;0;0;0;0
2026-01-09 14:16:00;1;2;18;909;0;0;0;0;0;0;0;0;0;0.10200000000000001;0.105;0.108;0.11;0.114;0.117;0;0;0;0;0;0;4.026317022173599e-37;0;0;0;0;0;0;500;700;950;1180;850;440;1250;450;595;840;795;750;800;800;800;0;3;0;0;0;0;3;4;0;50;60;20;10;0;0;0;0;3;4;0;50;60;20;10;0;0;0;0;2;1;0;7;8;6;5;0;0;0;0;0;0;0;0;0;0;0;0;0;0;0;0;0;0;0;0;0;0;0;4;0;0;0;0;4;2;0;7;6;8;9;0;0;0;0;0;0;0;0;0;0;0;0;0;0;0;0;0;0;0;0;0;0;0;0;0;0;0;0;0;0;0;0;0;0;0;0;0;0;0;0;0;0;0;0
2026-01-09 14:17:00;1;2;18;909;0;0;0;0;0;0;0;0;0;0.10200000000000001;0.105;0.108;0.11;0.114;0.117;0;0;0;0;0;0;4.026317022173599e-37;0;0;0;0;0;0;500;700;950;1180;850;440;1250;450;595;840;795;750;800;800;800;0;3;0;0;0;0;3;4;0;50;60;20;10;0;0;0;0;3;4;0;50;60;20;10;0;0;0;0;2;1;0;7;8;6;5;0;0;0;0;0;0;0;0;0;0;0;0;0;0;0;0;0;0;0;0;0;0;0;4;0;0;0;0;4;2;0;7;6;8;9;0;0;0;0;0;0;0;0;0;0;0;0;0;0;0;0;0;0;0;0;0;0;0;0;0;0;0;0;0;0;0;0;0;0;0;0;0;0;0;0;0;0;0;0
2026-01-09 14:18:00;1;2;18;909;0;0;0;0;0;0;0;0;0;0.10200000000000001;0.105;0.108;0.11;0.114;0.117;0;0;0;0;0;0;4.026317022173599e-37;0;0;0;0;0;0;500;700;950;1180;850;440;1250;450;595;840;795;750;800;800;800;0;3;0;0;0;0;3;4;0;50;60;20;10;0;0;0;0;3;4;0;50;60;20;10;0;0;0;0;2;1;0;7;8;6;5;0;0;0;0;0;0;0;0;0;0;0;0;0;0;0;0;0;0;0;0;0;0;0;4;0;0;0;0;4;2;0;7;6;8;9;0;0;0;0;0;0;0;0;0;0;0;0;0;0;0;0;0;0;0;0;0;0;0;0;0;0;0;0;0;0;0;0;0;0;0;0;0;0;0;0;0;0;0;0
2026-01-09 14:19:00;1;2;18;909;0;0;0;0;0;0;0;0;0;0.10200000000000001;0.105;0.108;0.11;0.114;0.117;0;0;0;0;0;0;4.026317022173599e-37;0;0;0;0;0;0;500;700;950;1180;850;440;1250;450;595;840;795;750;800;800;800;0;3;0;0;0;0;3;4;0;50;60;20;10;0;0;0;0;3;4;0;50;60;20;10;0;0;0;0;2;1;0;7;8;6;5;0;0;0;0;0;0;0;0;0;0;0;0;0;0;0;0;0;0;0;0;0;0;0;4;0;0;0;0;4;2;0;7;6;8;9;0;0;0;0;0;0;0;0;0;0;0;0;0;0;0;0;0;0;0;0;0;0;0;0;0;0;0;0;0;0;0;0;0;0;0;0;0;0;0;0;0;0;0;0
2026-01-09 14:20:00;1;2;18;909;0;0;0;0;0;0;0;0;0;0.10200000000000001;0.105;0.108;0.11;0.114;0.117;0;0;0;0;0;0;4.026317022173599e-37;0;0;0;0;0;0;500;700;950;1180;850;440;1250;450;595;840;795;750;800;800;800;0;3;0;0;0;0;3;4;0;50;60;20;10;0;0;0;0;3;4;0;50;60;20;10;0;0;0;0;2;1;0;7;8;6;5;0;0;0;0;0;0;0;0;0;0;0;0;0;0;0;0;0;0;0;0;0;0;0;4;0;0;0;0;4;2;0;7;6;8;9;0;0;0;0;0;0;0;0;0;0;0;0;0;0;0;0;0;0;0;0;0;0;0;0;0;0;0;0;0;0;0;0;0;0;0;0;0;0;0;0;0;0;0;0
2026-01-09 14:21:00;1;2;18;909;0;0;0;0;0;0;0;0;0;0.10200000000000001;0.105;0.108;0.11;0.114;0.117;0;0;0;0;0;0;4.026317022173599e-37;0;0;0;0;0;0;500;700;950;1180;850;440;1250;450;595;840;795;750;800;800;800;0;3;0;0;0;0;3;4;0;50;60;20;10;0;0;0;0;3;4;0;50;60;20;10;0;0;0;0;2;1;0;7;8;6;5;0;0;0;0;0;0;0;0;0;0;0;0;0;0;0;0;0;0;0;0;0;0;0;4;0;0;0;0;4;2;0;7;6;8;9;0;0;0;0;0;0;0;0;0;0;0;0;0;0;0;0;0;0;0;0;0;0;0;0;0;0;0;0;0;0;0;0;0;0;0;0;0;0;0;0;0;0;0;0
2026-01-09 14:22:00;1;2;18;909;0;0;0;0;0;0;0;0;0;0.10200000000000001;0.105;0.108;0.11;0.114;0.117;0;0;0;0;0;0;4.026317022173599e-37;0;0;0;0;0;0;500;700;950;1180;850;440;1250;450;595;840;795;750;800;800;800;0;3;0;0;0;0;3;4;0;50;60;20;10;0;0;0;0;3;4;0;50;60;20;10;0;0;0;0;2;1;0;7;8;6;5;0;0;0;0;0;0;0;0;0;0;0;0;0;0;0;0;0;0;0;0;0;0;0;4;0;0;0;0;4;2;0;7;6;8;9;0;0;0;0;0;0;0;0;0;0;0;0;0;0;0;0;0;0;0;0;0;0;0;0;0;0;0;0;0;0;0;0;0;0;0;0;0;0;0;0;0;0;0;0
2026-01-09 14:23:00;1;2;18;909;0;0;0;0;0;0;0;0;0;0.10200000000000001;0.105;0.108;0.11;0.114;0.117;0;0;0;0;0;0;4.026317022173599e-37;0;0;0;0;0;0;500;700;950;1180;850;440;1250;450;595;840;795;750;800;800;800;0;3;0;0;0;0;3;4;0;50;60;20;10;0;0;0;0;3;4;0;50;60;20;10;0;0;0;0;2;1;0;7;8;6;5;0;0;0;0;0;0;0;0;0;0;0;0;0;0;0;0;0;0;0;0;0;0;0;4;0;0;0;0;4;2;0;7;6;8;9;0;0;0;0;0;0;0;0;0;0;0;0;0;0;0;0;0;0;0;0;0;0;0;0;0;0;0;0;0;0;0;0;0;0;0;0;0;0;0;0;0;0;0;0
2026-01-09 14:24:00;1;2;18;909;0;0;0;0;0;0;0;0;0;0.10200000000000001;0.105;0.108;0.11;0.114;0.117;0;0;0;0;0;0;4.026317022173599e-37;0;0;0;0;0;0;500;700;950;1180;850;440;1250;450;595;840;795;750;800;800;800;0;3;0;0;0;0;3;4;0;50;60;20;10;0;0;0;0;3;4;0;50;60;20;10;0;0;0;0;2;1;0;7;8;6;5;0;0;0;0;0;0;0;0;0;0;0;0;0;0;0;0;0;0;0;0;0;0;0;4;0;0;0;0;4;2;0;7;6;8;9;0;0;0;0;0;0;0;0;0;0;0;0;0;0;0;0;0;0;0;0;0;0;0;0;0;0;0;0;0;0;0;0;0;0;0;0;0;0;0;0;0;0;0;0
2026-01-09 14:25:00;1;2;18;909;0;0;0;0;0;0;0;0;0;0.10200000000000001;0.105;0.108;0.11;0.114;0.117;0;0;0;0;0;0;4.026317022173599e-37;0;0;0;0;0;0;500;700;950;1180;850;440;1250;450;595;840;795;750;800;800;800;0;3;0;0;0;0;3;4;0;50;60;20;10;0;0;0;0;3;4;0;50;60;20;10;0;0;0;0;2;1;0;7;8;6;5;0;0;0;0;0;0;0;0;0;0;0;0;0;0;0;0;0;0;0;0;0;0;0;4;0;0;0;0;4;2;0;7;6;8;9;0;0;0;0;0;0;0;0;0;0;0;0;0;0;0;0;0;0;0;0;0;0;0;0;0;0;0;0;0;0;0;0;0;0;0;0;0;0;0;0;0;0;0;0
2026-01-09 14:26:00;1;2;18;909;0;0;0;0;0;0;0;0;0;0.10200000000000001;0.105;0.108;0.11;0.114;0.117;0;0;0;0;0;0;4.026317022173599e-37;0;0;0;0;0;0;500;700;950;1180;850;440;1250;450;595;840;795;750;800;800;800;0;3;0;0;0;0;3;4;0;50;60;20;10;0;0;0;0;3;4;0;50;60;20;10;0;0;0;0;2;1;0;7;8;6;5;0;0;0;0;0;0;0;0;0;0;0;0;0;0;0;0;0;0;0;0;0;0;0;4;0;0;0;0;4;2;0;7;6;8;9;0;0;0;0;0;0;0;0;0;0;0;0;0;0;0;0;0;0;0;0;0;0;0;0;0;0;0;0;0;0;0;0;0;0;0;0;0;0;0;0;0;0;0;0
2026-01-09 14:27:00;1;2;18;909;0;0;0;0;0;0;0;0;0;0.10200000000000001;0.105;0.108;0.11;0.114;0.117;0;0;0;0;0;0;4.026317022173599e-37;0;0;0;0;0;0;500;700;950;1180;850;440;1250;450;595;840;795;750;800;800;800;0;3;0;0;0;0;3;4;0;50;60;20;10;0;0;0;0;3;4;0;50;60;20;10;0;0;0;0;2;1;0;7;8;6;5;0;0;0;0;0;0;0;0;0;0;0;0;0;0;0;0;0;0;0;0;0;0;0;4;0;0;0;0;4;2;0;7;6;8;9;0;0;0;0;0;0;0;0;0;0;0;0;0;0;0;0;0;0;0;0;0;0;0;0;0;0;0;0;0;0;0;0;0;0;0;0;0;0;0;0;0;0;0;0
2026-01-09 14:28:00;1;2;18;909;0;0;0;0;0;0;0;0;0;0.10200000000000001;0.105;0.108;0.11;0.114;0.117;0;0;0;0;0;0;4.026317022173599e-37;0;0;0;0;0;0;500;700;950;1180;850;440;1250;450;595;840;795;750;800;800;800;0;3;0;0;0;0;3;4;0;50;60;20;10;0;0;0;0;3;4;0;50;60;20;10;0;0;0;0;2;1;0;7;8;6;5;0;0;0;0;0;0;0;0;0;0;0;0;0;0;0;0;0;0;0;0;0;0;0;4;0;0;0;0;4;2;0;7;6;8;9;0;0;0;0;0;0;0;0;0;0;0;0;0;0;0;0;0;0;0;0;0;0;0;0;0;0;0;0;0;0;0;0;0;0;0;0;0;0;0;0;0;0;0;0
2026-01-09 14:29:00;1;2;18;909;0;0;0;0;0;0;0;0;0;0.10200000000000001;0.105;0.108;0.11;0.114;0.117;0;0;0;0;0;0;4.026317022173599e-37;0;0;0;0;0;0;500;700;950;1180;850;440;1250;450;595;840;795;750;800;800;800;0;3;0;0;0;0;3;4;0;50;60;20;10;0;0;0;0;3;4;0;50;60;20;10;0;0;0;0;2;1;0;7;8;6;5;0;0;0;0;0;0;0;0;0;0;0;0;0;0;0;0;0;0;0;0;0;0;0;4;0;0;0;0;4;2;0;7;6;8;9;0;0;0;0;0;0;0;0;0;0;0;0;0;0;0;0;0;0;0;0;0;0;0;0;0;0;0;0;0;0;0;0;0;0;0;0;0;0;0;0;0;0;0;0
2026-01-09 14:30:00;1;2;18;909;0;0;0;0;0;0;0;0;0;0.10200000000000001;0.105;0.108;0.11;0.114;0.117;0;0;0;0;0;0;4.026317022173599e-37;0;0;0;0;0;0;500;700;950;1180;850;440;1250;450;595;840;795;750;800;800;800;0;3;0;0;0;0;3;4;0;50;60;20;10;0;0;0;0;3;4;0;50;60;20;10;0;0;0;0;2;1;0;7;8;6;5;0;0;0;0;0;0;0;0;0;0;0;0;0;0;0;0;0;0;0;0;0;0;0;4;0;0;0;0;4;2;0;7;6;8;9;0;0;0;0;0;0;0;0;0;0;0;0;0;0;0;0;0;0;0;0;0;0;0;0;0;0;0;0;0;0;0;0;0;0;0;0;0;0;0;0;0;0;0;0
2026-01-09 14:31:00;1;2;18;909;0;0;0;0;0;0;0;0;0;0.10200000000000001;0.105;0.108;0.11;0.114;0.117;0;0;0;0;0;0;4.026317022173599e-37;0;0;0;0;0;0;500;700;950;1180;850;440;1250;450;595;840;795;750;800;800;800;0;3;0;0;0;0;3;4;0;50;60;20;10;0;0;0;0;3;4;0;50;60;20;10;0;0;0;0;2;1;0;7;8;6;5;0;0;0;0;0;0;0;0;0;0;0;0;0;0;0;0;0;0;0;0;0;0;0;4;0;0;0;0;4;2;0;7;6;8;9;0;0;0;0;0;0;0;0;0;0;0;0;0;0;0;0;0;0;0;0;0;0;0;0;0;0;0;0;0;0;0;0;0;0;0;0;0;0;0;0;0;0;0;0
2026-01-09 14:32:00;1;2;18;909;0;0;0;0;0;0;0;0;0;0.10200000000000001;0.105;0.108;0.11;0.114;0.117;0;0;0;0;0;0;4.026317022173599e-37;0;0;0;0;0;0;500;700;950;1180;850;440;1250;450;595;840;795;750;800;800;800;0;3;0;0;0;0;3;4;0;50;60;20;10;0;0;0;0;3;4;0;50;60;20;10;0;0;0;0;2;1;0;7;8;6;5;0;0;0;0;0;0;0;0;0;0;0;0;0;0;0;0;0;0;0;0;0;0;0;4;0;0;0;0;4;2;0;7;6;8;9;0;0;0;0;0;0;0;0;0;0;0;0;0;0;0;0;0;0;0;0;0;0;0;0;0;0;0;0;0;0;0;0;0;0;0;0;0;0;0;0;0;0;0;0
2026-01-09 14:33:00;1;2;18;909;0;0;0;0;0;0;0;0;0;0.10200000000000001;0.105;0.108;0.11;0.114;0.117;0;0;0;0;0;0;4.026317022173599e-37;0;0;0;0;0;0;500;700;950;1180;850;440;1250;450;595;840;795;750;800;800;800;0;3;0;0;0;0;3;4;0;50;60;20;10;0;0;0;0;3;4;0;50;60;20;10;0;0;0;0;2;1;0;7;8;6;5;0;0;0;0;0;0;0;0;0;0;0;0;0;0;0;0;0;0;0;0;0;0;0;4;0;0;0;0;4;2;0;7;6;8;9;0;0;0;0;0;0;0;0;0;0;0;0;0;0;0;0;0;0;0;0;0;0;0;0;0;0;0;0;0;0;0;0;0;0;0;0;0;0;0;0;0;0;0;0
2026-01-09 14:34:00;1;2;18;909;0;0;0;0;0;0;0;0;0;0.10200000000000001;0.105;0.108;0.11;0.114;0.117;0;0;0;0;0;0;4.026317022173599e-37;0;0;0;0;0;0;500;700;950;1180;850;440;1250;450;595;840;795;750;800;800;800;0;3;0;0;0;0;3;4;0;50;60;20;10;0;0;0;0;3;4;0;50;60;20;10;0;0;0;0;2;1;0;7;8;6;5;0;0;0;0;0;0;0;0;0;0;0;0;0;0;0;0;0;0;0;0;0;0;0;4;0;0;0;0;4;2;0;7;6;8;9;0;0;0;0;0;0;0;0;0;0;0;0;0;0;0;0;0;0;0;0;0;0;0;0;0;0;0;0;0;0;0;0;0;0;0;0;0;0;0;0;0;0;0;0
2026-01-09 14:35:00;1;2;18;909;0;0;0;0;0;0;0;0;0;0.10200000000000001;0.105;0.108;0.11;0.114;0.117;0;0;0;0;0;0;4.026317022173599e-37;0;0;0;0;0;0;500;700;950;1180;850;440;1250;450;595;840;795;750;800;800;800;0;3;0;0;0;0;3;4;0;50;60;20;10;0;0;0;0;3;4;0;50;60;20;10;0;0;0;0;2;1;0;7;8;6;5;0;0;0;0;0;0;0;0;0;0;0;0;0;0;0;0;0;0;0;0;0;0;0;4;0;0;0;0;4;2;0;7;6;8;9;0;0;0;0;0;0;0;0;0;0;0;0;0;0;0;0;0;0;0;0;0;0;0;0;0;0;0;0;0;0;0;0;0;0;0;0;0;0;0;0;0;0;0;0
2026-01-09 14:36:00;1;2;18;909;0;0;0;0;0;0;0;0;0;0.10200000000000001;0.105;0.108;0.11;0.114;0.117;0;0;0;0;0;0;4.026317022173599e-37;0;0;0;0;0;0;500;700;950;1180;850;440;1250;450;595;840;795;750;800;800;800;0;3;0;0;0;0;3;4;0;50;60;20;10;0;0;0;0;3;4;0;50;60;20;10;0;0;0;0;2;1;0;7;8;6;5;0;0;0;0;0;0;0;0;0;0;0;0;0;0;0;0;0;0;0;0;0;0;0;4;0;0;0;0;4;2;0;7;6;8;9;0;0;0;0;0;0;0;0;0;0;0;0;0;0;0;0;0;0;0;0;0;0;0;0;0;0;0;0;0;0;0;0;0;0;0;0;0;0;0;0;0;0;0;0
2026-01-09 14:37:00;1;2;18;909;0;0;0;0;0;0;0;0;0;0.10200000000000001;0.105;0.108;0.11;0.114;0.117;0;0;0;0;0;0;4.026317022173599e-37;0;0;0;0;0;0;500;700;950;1180;850;440;1250;450;595;840;795;750;800;800;800;0;3;0;0;0;0;3;4;0;50;60;20;10;0;0;0;0;3;4;0;50;60;20;10;0;0;0;0;2;1;0;7;8;6;5;0;0;0;0;0;0;0;0;0;0;0;0;0;0;0;0;0;0;0;0;0;0;0;4;0;0;0;0;4;2;0;7;6;8;9;0;0;0;0;0;0;0;0;0;0;0;0;0;0;0;0;0;0;0;0;0;0;0;0;0;0;0;0;0;0;0;0;0;0;0;0;0;0;0;0;0;0;0;0
2026-01-09 14:38:00;1;2;18;909;0;0;0;0;0;0;0;0;0;0.10200000000000001;0.105;0.108;0.11;0.114;0.117;0;0;0;0;0;0;4.026317022173599e-37;0;0;0;0;0;0;500;700;950;1180;850;440;1250;450;595;840;795;750;800;800;800;0;3;0;0;0;0;3;4;0;50;60;20;10;0;0;0;0;3;4;0;50;60;20;10;0;0;0;0;2;1;0;7;8;6;5;0;0;0;0;0;0;0;0;0;0;0;0;0;0;0;0;0;0;0;0;0;0;0;4;0;0;0;0;4;2;0;7;6;8;9;0;0;0;0;0;0;0;0;0;0;0;0;0;0;0;0;0;0;0;0;0;0;0;0;0;0;0;0;0;0;0;0;0;0;0;0;0;0;0;0;0;0;0;0
2026-01-09 14:39:00;1;2;18;909;0;0;0;0;0;0;0;0;0;0.10200000000000001;0.105;0.108;0.11;0.114;0.117;0;0;0;0;0;0;4.026317022173599e-37;0;0;0;0;0;0;500;700;950;1180;850;440;1250;450;595;840;795;750;800;800;800;0;3;0;0;0;0;3;4;0;50;60;20;10;0;0;0;0;3;4;0;50;60;20;10;0;0;0;0;2;1;0;7;8;6;5;0;0;0;0;0;0;0;0;0;0;0;0;0;0;0;0;0;0;0;0;0;0;0;4;0;0;0;0;4;2;0;7;6;8;9;0;0;0;0;0;0;0;0;0;0;0;0;0;0;0;0;0;0;0;0;0;0;0;0;0;0;0;0;0;0;0;0;0;0;0;0;0;0;0;0;0;0;0;0
2026-01-09 14:40:00;1;2;18;909;0;0;0;0;0;0;0;0;0;0.10200000000000001;0.105;0.108;0.11;0.114;0.117;0;0;0;0;0;0;4.026317022173599e-37;0;0;0;0;0;0;500;700;950;1180;850;440;1250;450;595;840;795;750;800;800;800;0;3;0;0;0;0;3;4;0;50;60;20;10;0;0;0;0;3;4;0;50;60;20;10;0;0;0;0;2;1;0;7;8;6;5;0;0;0;0;0;0;0;0;0;0;0;0;0;0;0;0;0;0;0;0;0;0;0;4;0;0;0;0;4;2;0;7;6;8;9;0;0;0;0;0;0;0;0;0;0;0;0;0;0;0;0;0;0;0;0;0;0;0;0;0;0;0;0;0;0;0;0;0;0;0;0;0;0;0;0;0;0;0;0
2026-01-09 14:41:00;1;2;18;909;0;0;0;0;0;0;0;0;0;0.10200000000000001;0.105;0.108;0.11;0.114;0.117;0;0;0;0;0;0;4.026317022173599e-37;0;0;0;0;0;0;500;700;950;1180;850;440;1250;450;595;840;795;750;800;800;800;0;3;0;0;0;0;3;4;0;50;60;20;10;0;0;0;0;3;4;0;50;60;20;10;0;0;0;0;2;1;0;7;8;6;5;0;0;0;0;0;0;0;0;0;0;0;0;0;0;0;0;0;0;0;0;0;0;0;4;0;0;0;0;4;2;0;7;6;8;9;0;0;0;0;0;0;0;0;0;0;0;0;0;0;0;0;0;0;0;0;0;0;0;0;0;0;0;0;0;0;0;0;0;0;0;0;0;0;0;0;0;0;0;0
2026-01-09 14:42:00;1;2;18;909;0;0;0;0;0;0;0;0;0;0.10200000000000001;0.105;0.108;0.11;0.114;0.117;0;0;0;0;0;0;4.026317022173599e-37;0;0;0;0;0;0;500;700;950;1180;850;440;1250;450;595;840;795;750;800;800;800;0;3;0;0;0;0;3;4;0;50;60;20;10;0;0;0;0;3;4;0;50;60;20;10;0;0;0;0;2;1;0;7;8;6;5;0;0;0;0;0;0;0;0;0;0;0;0;0;0;0;0;0;0;0;0;0;0;0;4;0;0;0;0;4;2;0;7;6;8;9;0;0;0;0;0;0;0;0;0;0;0;0;0;0;0;0;0;0;0;0;0;0;0;0;0;0;0;0;0;0;0;0;0;0;0;0;0;0;0;0;0;0;0;0
2026-01-09 14:43:00;1;2;18;909;0;0;0;0;0;0;0;0;0;0.10200000000000001;0.105;0.108;0.11;0.114;0.117;0;0;0;0;0;0;4.026317022173599e-37;0;0;0;0;0;0;500;700;950;1180;850;440;1250;450;595;840;795;750;800;800;800;0;3;0;0;0;0;3;4;0;50;60;20;10;0;0;0;0;3;4;0;50;60;20;10;0;0;0;0;2;1;0;7;8;6;5;0;0;0;0;0;0;0;0;0;0;0;0;0;0;0;0;0;0;0;0;0;0;0;4;0;0;0;0;4;2;0;7;6;8;9;0;0;0;0;0;0;0;0;0;0;0;0;0;0;0;0;0;0;0;0;0;0;0;0;0;0;0;0;0;0;0;0;0;0;0;0;0;0;0;0;0;0;0;0
2026-01-09 14:44:00;1;2;18;909;0;0;0;0;0;0;0;0;0;0.10200000000000001;0.105;0.108;0.11;0.114;0.117;0;0;0;0;0;0;4.026317022173599e-37;0;0;0;0;0;0;500;700;950;1180;850;440;1250;450;595;840;795;750;800;800;800;0;3;0;0;0;0;3;4;0;50;60;20;10;0;0;0;0;3;4;0;50;60;20;10;0;0;0;0;2;1;0;7;8;6;5;0;0;0;0;0;0;0;0;0;0;0;0;0;0;0;0;0;0;0;0;0;0;0;4;0;0;0;0;4;2;0;7;6;8;9;0;0;0;0;0;0;0;0;0;0;0;0;0;0;0;0;0;0;0;0;0;0;0;0;0;0;0;0;0;0;0;0;0;0;0;0;0;0;0;0;0;0;0;0
2026-01-09 14:45:00;1;2;18;909;0;0;0;0;0;0;0;0;0;0.10200000000000001;0.105;0.108;0.11;0.114;0.117;0;0;0;0;0;0;4.026317022173599e-37;0;0;0;0;0;0;500;700;950;1180;850;440;1250;450;595;840;795;750;800;800;800;0;3;0;0;0;0;3;4;0;50;60;20;10;0;0;0;0;3;4;0;50;60;20;10;0;0;0;0;2;1;0;7;8;6;5;0;0;0;0;0;0;0;0;0;0;0;0;0;0;0;0;0;0;0;0;0;0;0;4;0;0;0;0;4;2;0;7;6;8;9;0;0;0;0;0;0;0;0;0;0;0;0;0;0;0;0;0;0;0;0;0;0;0;0;0;0;0;0;0;0;0;0;0;0;0;0;0;0;0;0;0;0;0;0
2026-01-09 14:46:00;1;2;18;909;0;0;0;0;0;0;0;0;0;0.10200000000000001;0.105;0.108;0.11;0.114;0.117;0;0;0;0;0;0;4.026317022173599e-37;0;0;0;0;0;0;500;700;950;1180;850;440;1250;450;595;840;795;750;800;800;800;0;3;0;0;0;0;3;4;0;50;60;20;10;0;0;0;0;3;4;0;50;60;20;10;0;0;0;0;2;1;0;7;8;6;5;0;0;0;0;0;0;0;0;0;0;0;0;0;0;0;0;0;0;0;0;0;0;0;4;0;0;0;0;4;2;0;7;6;8;9;0;0;0;0;0;0;0;0;0;0;0;0;0;0;0;0;0;0;0;0;0;0;0;0;0;0;0;0;0;0;0;0;0;0;0;0;0;0;0;0;0;0;0;0
2026-01-09 14:47:00;1;2;18;909;0;0;0;0;0;0;0;0;0;0.10200000000000001;0.105;0.108;0.11;0.114;0.117;0;0;0;0;0;0;4.026317022173599e-37;0;0;0;0;0;0;500;700;950;1180;850;440;1250;450;595;840;795;750;800;800;800;0;3;0;0;0;0;3;4;0;50;60;20;10;0;0;0;0;3;4;0;50;60;20;10;0;0;0;0;2;1;0;7;8;6;5;0;0;0;0;0;0;0;0;0;0;0;0;0;0;0;0;0;0;0;0;0;0;0;4;0;0;0;0;4;2;0;7;6;8;9;0;0;0;0;0;0;0;0;0;0;0;0;0;0;0;0;0;0;0;0;0;0;0;0;0;0;0;0;0;0;0;0;0;0;0;0;0;0;0;0;0;0;0;0
2026-01-09 14:48:00;1;2;18;909;0;0;0;0;0;0;0;0;0;0.10200000000000001;0.105;0.108;0.11;0.114;0.117;0;0;0;0;0;0;4.026317022173599e-37;0;0;0;0;0;0;500;700;950;1180;850;440;1250;450;595;840;795;750;800;800;800;0;3;0;0;0;0;3;4;0;50;60;20;10;0;0;0;0;3;4;0;50;60;20;10;0;0;0;0;2;1;0;7;8;6;5;0;0;0;0;0;0;0;0;0;0;0;0;0;0;0;0;0;0;0;0;0;0;0;4;0;0;0;0;4;2;0;7;6;8;9;0;0;0;0;0;0;0;0;0;0;0;0;0;0;0;0;0;0;0;0;0;0;0;0;0;0;0;0;0;0;0;0;0;0;0;0;0;0;0;0;0;0;0;0
2026-01-09 14:49:00;1;2;18;909;0;0;0;0;0;0;0;0;0;0.10200000000000001;0.105;0.108;0.11;0.114;0.117;0;0;0;0;0;0;4.026317022173599e-37;0;0;0;0;0;0;500;700;950;1180;850;440;1250;450;595;840;795;750;800;800;800;0;3;0;0;0;0;3;4;0;50;60;20;10;0;0;0;0;3;4;0;50;60;20;10;0;0;0;0;2;1;0;7;8;6;5;0;0;0;0;0;0;0;0;0;0;0;0;0;0;0;0;0;0;0;0;0;0;0;4;0;0;0;0;4;2;0;7;6;8;9;0;0;0;0;0;0;0;0;0;0;0;0;0;0;0;0;0;0;0;0;0;0;0;0;0;0;0;0;0;0;0;0;0;0;0;0;0;0;0;0;0;0;0;0
2026-01-09 14:50:00;1;2;18;909;0;0;0;0;0;0;0;0;0;0.10200000000000001;0.105;0.108;0.11;0.114;0.117;0;0;0;0;0;0;4.026317022173599e-37;0;0;0;0;0;0;500;700;950;1180;850;440;1250;450;595;840;795;750;800;800;800;0;3;0;0;0;0;3;4;0;50;60;20;10;0;0;0;0;3;4;0;50;60;20;10;0;0;0;0;2;1;0;7;8;6;5;0;0;0;0;0;0;0;0;0;0;0;0;0;0;0;0;0;0;0;0;0;0;0;4;0;0;0;0;4;2;0;7;6;8;9;0;0;0;0;0;0;0;0;0;0;0;0;0;0;0;0;0;0;0;0;0;0;0;0;0;0;0;0;0;0;0;0;0;0;0;0;0;0;0;0;0;0;0;0
2026-01-09 14:51:00;1;2;18;909;0;0;0;0;0;0;0;0;0;0.10200000000000001;0.105;0.108;0.11;0.114;0.117;0;0;0;0;0;0;4.026317022173599e-37;0;0;0;0;0;0;500;700;950;1180;850;440;1250;450;595;840;795;750;800;800;800;0;3;0;0;0;0;3;4;0;50;60;20;10;0;0;0;0;3;4;0;50;60;20;10;0;0;0;0;2;1;0;7;8;6;5;0;0;0;0;0;0;0;0;0;0;0;0;0;0;0;0;0;0;0;0;0;0;0;4;0;0;0;0;4;2;0;7;6;8;9;0;0;0;0;0;0;0;0;0;0;0;0;0;0;0;0;0;0;0;0;0;0;0;0;0;0;0;0;0;0;0;0;0;0;0;0;0;0;0;0;0;0;0;0
2026-01-09 14:52:00;1;2;18;909;0;0;0;0;0;0;0;0;0;0.10200000000000001;0.105;0.108;0.11;0.114;0.117;0;0;0;0;0;0;4.026317022173599e-37;0;0;0;0;0;0;500;700;950;1180;850;440;1250;450;595;840;795;750;800;800;800;0;3;0;0;0;0;3;4;0;50;60;20;10;0;0;0;0;3;4;0;50;60;20;10;0;0;0;0;2;1;0;7;8;6;5;0;0;0;0;0;0;0;0;0;0;0;0;0;0;0;0;0;0;0;0;0;0;0;4;0;0;0;0;4;2;0;7;6;8;9;0;0;0;0;0;0;0;0;0;0;0;0;0;0;0;0;0;0;0;0;0;0;0;0;0;0;0;0;0;0;0;0;0;0;0;0;0;0;0;0;0;0;0;0
2026-01-09 14:53:00;1;2;18;909;0;0;0;0;0;0;0;0;0;0.10200000000000001;0.105;0.108;0.11;0.114;0.117;0;0;0;0;0;0;4.026317022173599e-37;0;0;0;0;0;0;500;700;950;1180;850;440;1250;450;595;840;795;750;800;800;800;0;3;0;0;0;0;3;4;0;50;60;20;10;0;0;0;0;3;4;0;50;60;20;10;0;0;0;0;2;1;0;7;8;6;5;0;0;0;0;0;0;0;0;0;0;0;0;0;0;0;0;0;0;0;0;0;0;0;4;0;0;0;0;4;2;0;7;6;8;9;0;0;0;0;0;0;0;0;0;0;0;0;0;0;0;0;0;0;0;0;0;0;0;0;0;0;0;0;0;0;0;0;0;0;0;0;0;0;0;0;0;0;0;0
2026-01-09 14:54:00;1;2;18;909;0;0;0;0;0;0;0;0;0;0.10200000000000001;0.105;0.108;0.11;0.114;0.117;0;0;0;0;0;0;4.026317022173599e-37;0;0;0;0;0;0;500;700;950;1180;850;440;1250;450;595;840;795;750;800;800;800;0;3;0;0;0;0;3;4;0;50;60;20;10;0;0;0;0;3;4;0;50;60;20;10;0;0;0;0;2;1;0;7;8;6;5;0;0;0;0;0;0;0;0;0;0;0;0;0;0;0;0;0;0;0;0;0;0;0;4;0;0;0;0;4;2;0;7;6;8;9;0;0;0;0;0;0;0;0;0;0;0;0;0;0;0;0;0;0;0;0;0;0;0;0;0;0;0;0;0;0;0;0;0;0;0;0;0;0;0;0;0;0;0;0
2026-01-09 14:55:00;1;2;18;909;0;0;0;0;0;0;0;0;0;0.10200000000000001;0.105;0.108;0.11;0.114;0.117;0;0;0;0;0;0;4.026317022173599e-37;0;0;0;0;0;0;500;700;950;1180;850;440;1250;450;595;840;795;750;800;800;800;0;3;0;0;0;0;3;4;0;50;60;20;10;0;0;0;0;3;4;0;50;60;20;10;0;0;0;0;2;1;0;7;8;6;5;0;0;0;0;0;0;0;0;0;0;0;0;0;0;0;0;0;0;0;0;0;0;0;4;0;0;0;0;4;2;0;7;6;8;9;0;0;0;0;0;0;0;0;0;0;0;0;0;0;0;0;0;0;0;0;0;0;0;0;0;0;0;0;0;0;0;0;0;0;0;0;0;0;0;0;0;0;0;0
2026-01-09 14:56:00;1;2;18;909;0;0;0;0;0;0;0;0;0;0.10200000000000001;0.105;0.108;0.11;0.114;0.117;0;0;0;0;0;0;4.026317022173599e-37;0;0;0;0;0;0;500;700;950;1180;850;440;1250;450;595;840;795;750;800;800;800;0;3;0;0;0;0;3;4;0;50;60;20;10;0;0;0;0;3;4;0;50;60;20;10;0;0;0;0;2;1;0;7;8;6;5;0;0;0;0;0;0;0;0;0;0;0;0;0;0;0;0;0;0;0;0;0;0;0;4;0;0;0;0;4;2;0;7;6;8;9;0;0;0;0;0;0;0;0;0;0;0;0;0;0;0;0;0;0;0;0;0;0;0;0;0;0;0;0;0;0;0;0;0;0;0;0;0;0;0;0;0;0;0;0
2026-01-09 14:57:00;1;2;18;909;0;0;0;0;0;0;0;0;0;0.10200000000000001;0.105;0.108;0.11;0.114;0.117;0;0;0;0;0;0;4.026317022173599e-37;0;0;0;0;0;0;500;700;950;1180;850;440;1250;450;595;840;795;750;800;800;800;0;3;0;0;0;0;3;4;0;50;60;20;10;0;0;0;0;3;4;0;50;60;20;10;0;0;0;0;2;1;0;7;8;6;5;0;0;0;0;0;0;0;0;0;0;0;0;0;0;0;0;0;0;0;0;0;0;0;4;0;0;0;0;4;2;0;7;6;8;9;0;0;0;0;0;0;0;0;0;0;0;0;0;0;0;0;0;0;0;0;0;0;0;0;0;0;0;0;0;0;0;0;0;0;0;0;0;0;0;0;0;0;0;0
2026-01-09 14:58:00;1;2;18;909;0;0;0;0;0;0;0;0;0;0.10200000000000001;0.105;0.108;0.11;0.114;0.117;0;0;0;0;0;0;4.026317022173599e-37;0;0;0;0;0;0;500;700;950;1180;850;440;1250;450;595;840;795;750;800;800;800;0;3;0;0;0;0;3;4;0;50;60;20;10;0;0;0;0;3;4;0;50;60;20;10;0;0;0;0;2;1;0;7;8;6;5;0;0;0;0;0;0;0;0;0;0;0;0;0;0;0;0;0;0;0;0;0;0;0;4;0;0;0;0;4;2;0;7;6;8;9;0;0;0;0;0;0;0;0;0;0;0;0;0;0;0;0;0;0;0;0;0;0;0;0;0;0;0;0;0;0;0;0;0;0;0;0;0;0;0;0;0;0;0;0
2026-01-09 14:59:00;1;2;18;909;0;0;0;0;0;0;0;0;0;0.10200000000000001;0.105;0.108;0.11;0.114;0.117;0;0;0;0;0;0;4.026317022173599e-37;0;0;0;0;0;0;500;700;950;1180;850;440;1250;450;595;840;795;750;800;800;800;0;3;0;0;0;0;3;4;0;50;60;20;10;0;0;0;0;3;4;0;50;60;20;10;0;0;0;0;2;1;0;7;8;6;5;0;0;0;0;0;0;0;0;0;0;0;0;0;0;0;0;0;0;0;0;0;0;0;4;0;0;0;0;4;2;0;7;6;8;9;0;0;0;0;0;0;0;0;0;0;0;0;0;0;0;0;0;0;0;0;0;0;0;0;0;0;0;0;0;0;0;0;0;0;0;0;0;0;0;0;0;0;0;0
2026-01-09 15:00:00;1;2;18;909;0;0;0;0;0;0;0;0;0;0.10200000000000001;0.105;0.108;0.11;0.114;0.117;0;0;0;0;0;0;4.026317022173599e-37;0;0;0;0;0;0;500;700;950;1180;850;440;1250;450;595;840;795;750;800;800;800;0;3;0;0;0;0;3;4;0;50;60;20;10;0;0;0;0;3;4;0;50;60;20;10;0;0;0;0;2;1;0;7;8;6;5;0;0;0;0;0;0;0;0;0;0;0;0;0;0;0;0;0;0;0;0;0;0;0;4;0;0;0;0;4;2;0;7;6;8;9;0;0;0;0;0;0;0;0;0;0;0;0;0;0;0;0;0;0;0;0;0;0;0;0;0;0;0;0;0;0;0;0;0;0;0;0;0;0;0;0;0;0;0;0
2026-01-09 15:01:00;1;2;18;909;0;0;0;0;0;0;0;0;0;0.10200000000000001;0.105;0.108;0.11;0.114;0.117;0;0;0;0;0;0;4.026317022173599e-37;0;0;0;0;0;0;500;700;950;1180;850;440;1250;450;595;840;795;750;800;800;800;0;3;0;0;0;0;3;4;0;50;60;20;10;0;0;0;0;3;4;0;50;60;20;10;0;0;0;0;2;1;0;7;8;6;5;0;0;0;0;0;0;0;0;0;0;0;0;0;0;0;0;0;0;0;0;0;0;0;4;0;0;0;0;4;2;0;7;6;8;9;0;0;0;0;0;0;0;0;0;0;0;0;0;0;0;0;0;0;0;0;0;0;0;0;0;0;0;0;0;0;0;0;0;0;0;0;0;0;0;0;0;0;0;0
2026-01-09 15:02:00;1;2;18;909;0;0;0;0;0;0;0;0;0;0.10200000000000001;0.105;0.108;0.11;0.114;0.117;0;0;0;0;0;0;4.026317022173599e-37;0;0;0;0;0;0;500;700;950;1180;850;440;1250;450;595;840;795;750;800;800;800;0;3;0;0;0;0;3;4;0;50;60;20;10;0;0;0;0;3;4;0;50;60;20;10;0;0;0;0;2;1;0;7;8;6;5;0;0;0;0;0;0;0;0;0;0;0;0;0;0;0;0;0;0;0;0;0;0;0;4;0;0;0;0;4;2;0;7;6;8;9;0;0;0;0;0;0;0;0;0;0;0;0;0;0;0;0;0;0;0;0;0;0;0;0;0;0;0;0;0;0;0;0;0;0;0;0;0;0;0;0;0;0;0;0
2026-01-09 15:03:00;1;2;18;909;0;0;0;0;0;0;0;0;0;0.10200000000000001;0.105;0.108;0.11;0.114;0.117;0;0;0;0;0;0;4.026317022173599e-37;0;0;0;0;0;0;500;700;950;1180;850;440;1250;450;595;840;795;750;800;800;800;0;3;0;0;0;0;3;4;0;50;60;20;10;0;0;0;0;3;4;0;50;60;20;10;0;0;0;0;2;1;0;7;8;6;5;0;0;0;0;0;0;0;0;0;0;0;0;0;0;0;0;0;0;0;0;0;0;0;4;0;0;0;0;4;2;0;7;6;8;9;0;0;0;0;0;0;0;0;0;0;0;0;0;0;0;0;0;0;0;0;0;0;0;0;0;0;0;0;0;0;0;0;0;0;0;0;0;0;0;0;0;0;0;0
2026-01-09 15:04:00;1;2;18;909;0;0;0;0;0;0;0;0;0;0.10200000000000001;0.105;0.108;0.11;0.114;0.117;0;0;0;0;0;0;4.026317022173599e-37;0;0;0;0;0;0;500;700;950;1180;850;440;1250;450;595;840;795;750;800;800;800;0;3;0;0;0;0;3;4;0;50;60;20;10;0;0;0;0;3;4;0;50;60;20;10;0;0;0;0;2;1;0;7;8;6;5;0;0;0;0;0;0;0;0;0;0;0;0;0;0;0;0;0;0;0;0;0;0;0;4;0;0;0;0;4;2;0;7;6;8;9;0;0;0;0;0;0;0;0;0;0;0;0;0;0;0;0;0;0;0;0;0;0;0;0;0;0;0;0;0;0;0;0;0;0;0;0;0;0;0;0;0;0;0;0
2026-01-09 15:05:00;1;2;18;909;0;0;0;0;0;0;0;0;0;0.10200000000000001;0.105;0.108;0.11;0.114;0.117;0;0;0;0;0;0;4.026317022173599e-37;0;0;0;0;0;0;500;700;950;1180;850;440;1250;450;595;840;795;750;800;800;800;0;3;0;0;0;0;3;4;0;50;60;20;10;0;0;0;0;3;4;0;50;60;20;10;0;0;0;0;2;1;0;7;8;6;5;0;0;0;0;0;0;0;0;0;0;0;0;0;0;0;0;0;0;0;0;0;0;0;4;0;0;0;0;4;2;0;7;6;8;9;0;0;0;0;0;0;0;0;0;0;0;0;0;0;0;0;0;0;0;0;0;0;0;0;0;0;0;0;0;0;0;0;0;0;0;0;0;0;0;0;0;0;0;0
2026-01-09 15:06:00;1;2;18;909;0;0;0;0;0;0;0;0;0;0.10200000000000001;0.105;0.108;0.11;0.114;0.117;0;0;0;0;0;0;4.026317022173599e-37;0;0;0;0;0;0;500;700;950;1180;850;440;1250;450;595;840;795;750;800;800;800;0;3;0;0;0;0;3;4;0;50;60;20;10;0;0;0;0;3;4;0;50;60;20;10;0;0;0;0;2;1;0;7;8;6;5;0;0;0;0;0;0;0;0;0;0;0;0;0;0;0;0;0;0;0;0;0;0;0;4;0;0;0;0;4;2;0;7;6;8;9;0;0;0;0;0;0;0;0;0;0;0;0;0;0;0;0;0;0;0;0;0;0;0;0;0;0;0;0;0;0;0;0;0;0;0;0;0;0;0;0;0;0;0;0
2026-01-09 15:07:00;1;2;18;909;0;0;0;0;0;0;0;0;0;0.10200000000000001;0.105;0.108;0.11;0.114;0.117;0;0;0;0;0;0;4.026317022173599e-37;0;0;0;0;0;0;500;700;950;1180;850;440;1250;450;595;840;795;750;800;800;800;0;3;0;0;0;0;3;4;0;50;60;20;10;0;0;0;0;3;4;0;50;60;20;10;0;0;0;0;2;1;0;7;8;6;5;0;0;0;0;0;0;0;0;0;0;0;0;0;0;0;0;0;0;0;0;0;0;0;4;0;0;0;0;4;2;0;7;6;8;9;0;0;0;0;0;0;0;0;0;0;0;0;0;0;0;0;0;0;0;0;0;0;0;0;0;0;0;0;0;0;0;0;0;0;0;0;0;0;0;0;0;0;0;0
2026-01-09 15:08:00;1;2;18;909;0;0;0;0;0;0;0;0;0;0.10200000000000001;0.105;0.108;0.11;0.114;0.117;0;0;0;0;0;0;4.026317022173599e-37;0;0;0;0;0;0;500;700;950;1180;850;440;1250;450;595;840;795;750;800;800;800;0;3;0;0;0;0;3;4;0;50;60;20;10;0;0;0;0;3;4;0;50;60;20;10;0;0;0;0;2;1;0;7;8;6;5;0;0;0;0;0;0;0;0;0;0;0;0;0;0;0;0;0;0;0;0;0;0;0;4;0;0;0;0;4;2;0;7;6;8;9;0;0;0;0;0;0;0;0;0;0;0;0;0;0;0;0;0;0;0;0;0;0;0;0;0;0;0;0;0;0;0;0;0;0;0;0;0;0;0;0;0;0;0;0
2026-01-09 15:09:00;1;2;18;909;0;0;0;0;0;0;0;0;0;0.10200000000000001;0.105;0.108;0.11;0.114;0.117;0;0;0;0;0;0;4.026317022173599e-37;0;0;0;0;0;0;500;700;950;1180;850;440;1250;450;595;840;795;750;800;800;800;0;3;0;0;0;0;3;4;0;50;60;20;10;0;0;0;0;3;4;0;50;60;20;10;0;0;0;0;2;1;0;7;8;6;5;0;0;0;0;0;0;0;0;0;0;0;0;0;0;0;0;0;0;0;0;0;0;0;4;0;0;0;0;4;2;0;7;6;8;9;0;0;0;0;0;0;0;0;0;0;0;0;0;0;0;0;0;0;0;0;0;0;0;0;0;0;0;0;0;0;0;0;0;0;0;0;0;0;0;0;0;0;0;0
2026-01-09 15:10:00;1;2;18;909;0;0;0;0;0;0;0;0;0;0.10200000000000001;0.105;0.108;0.11;0.114;0.117;0;0;0;0;0;0;4.026317022173599e-37;0;0;0;0;0;0;500;700;950;1180;850;440;1250;450;595;840;795;750;800;800;800;0;3;0;0;0;0;3;4;0;50;60;20;10;0;0;0;0;3;4;0;50;60;20;10;0;0;0;0;2;1;0;7;8;6;5;0;0;0;0;0;0;0;0;0;0;0;0;0;0;0;0;0;0;0;0;0;0;0;4;0;0;0;0;4;2;0;7;6;8;9;0;0;0;0;0;0;0;0;0;0;0;0;0;0;0;0;0;0;0;0;0;0;0;0;0;0;0;0;0;0;0;0;0;0;0;0;0;0;0;0;0;0;0;0
2026-01-09 15:11:00;1;2;18;909;0;0;0;0;0;0;0;0;0;0.10200000000000001;0.105;0.108;0.11;0.114;0.117;0;0;0;0;0;0;4.026317022173599e-37;0;0;0;0;0;0;500;700;950;1180;850;440;1250;450;595;840;795;750;800;800;800;0;3;0;0;0;0;3;4;0;50;60;20;10;0;0;0;0;3;4;0;50;60;20;10;0;0;0;0;2;1;0;7;8;6;5;0;0;0;0;0;0;0;0;0;0;0;0;0;0;0;0;0;0;0;0;0;0;0;4;0;0;0;0;4;2;0;7;6;8;9;0;0;0;0;0;0;0;0;0;0;0;0;0;0;0;0;0;0;0;0;0;0;0;0;0;0;0;0;0;0;0;0;0;0;0;0;0;0;0;0;0;0;0;0
2026-01-09 15:12:00;1;2;18;909;0;0;0;0;0;0;0;0;0;0.10200000000000001;0.105;0.108;0.11;0.114;0.117;0;0;0;0;0;0;4.026317022173599e-37;0;0;0;0;0;0;500;700;950;1180;850;440;1250;450;595;840;795;750;800;800;800;0;3;0;0;0;0;3;4;0;50;60;20;10;0;0;0;0;3;4;0;50;60;20;10;0;0;0;0;2;1;0;7;8;6;5;0;0;0;0;0;0;0;0;0;0;0;0;0;0;0;0;0;0;0;0;0;0;0;4;0;0;0;0;4;2;0;7;6;8;9;0;0;0;0;0;0;0;0;0;0;0;0;0;0;0;0;0;0;0;0;0;0;0;0;0;0;0;0;0;0;0;0;0;0;0;0;0;0;0;0;0;0;0;0
2026-01-09 15:13:00;1;2;18;909;0;0;0;0;0;0;0;0;0;0.10200000000000001;0.105;0.108;0.11;0.114;0.117;0;0;0;0;0;0;4.026317022173599e-37;0;0;0;0;0;0;500;700;950;1180;850;440;1250;450;595;840;795;750;800;800;800;0;3;0;0;0;0;3;4;0;50;60;20;10;0;0;0;0;3;4;0;50;60;20;10;0;0;0;0;2;1;0;7;8;6;5;0;0;0;0;0;0;0;0;0;0;0;0;0;0;0;0;0;0;0;0;0;0;0;4;0;0;0;0;4;2;0;7;6;8;9;0;0;0;0;0;0;0;0;0;0;0;0;0;0;0;0;0;0;0;0;0;0;0;0;0;0;0;0;0;0;0;0;0;0;0;0;0;0;0;0;0;0;0;0
2026-01-09 15:14:00;1;2;18;909;0;0;0;0;0;0;0;0;0;0.10200000000000001;0.105;0.108;0.11;0.114;0.117;0;0;0;0;0;0;4.026317022173599e-37;0;0;0;0;0;0;500;700;950;1180;850;440;1250;450;595;840;795;750;800;800;800;0;3;0;0;0;0;3;4;0;50;60;20;10;0;0;0;0;3;4;0;50;60;20;10;0;0;0;0;2;1;0;7;8;6;5;0;0;0;0;0;0;0;0;0;0;0;0;0;0;0;0;0;0;0;0;0;0;0;4;0;0;0;0;4;2;0;7;6;8;9;0;0;0;0;0;0;0;0;0;0;0;0;0;0;0;0;0;0;0;0;0;0;0;0;0;0;0;0;0;0;0;0;0;0;0;0;0;0;0;0;0;0;0;0
2026-01-09 15:15:00;1;2;18;909;0;0;0;0;0;0;0;0;0;0.10200000000000001;0.105;0.108;0.11;0.114;0.117;0;0;0;0;0;0;4.026317022173599e-37;0;0;0;0;0;0;500;700;950;1180;850;440;1250;450;595;840;795;750;800;800;800;0;3;0;0;0;0;3;4;0;50;60;20;10;0;0;0;0;3;4;0;50;60;20;10;0;0;0;0;2;1;0;7;8;6;5;0;0;0;0;0;0;0;0;0;0;0;0;0;0;0;0;0;0;0;0;0;0;0;4;0;0;0;0;4;2;0;7;6;8;9;0;0;0;0;0;0;0;0;0;0;0;0;0;0;0;0;0;0;0;0;0;0;0;0;0;0;0;0;0;0;0;0;0;0;0;0;0;0;0;0;0;0;0;0
2026-01-09 15:16:00;1;2;18;909;0;0;0;0;0;0;0;0;0;0.10200000000000001;0.105;0.108;0.11;0.114;0.117;0;0;0;0;0;0;4.026317022173599e-37;0;0;0;0;0;0;500;700;950;1180;850;440;1250;450;595;840;795;750;800;800;800;0;3;0;0;0;0;3;4;0;50;60;20;10;0;0;0;0;3;4;0;50;60;20;10;0;0;0;0;2;1;0;7;8;6;5;0;0;0;0;0;0;0;0;0;0;0;0;0;0;0;0;0;0;0;0;0;0;0;4;0;0;0;0;4;2;0;7;6;8;9;0;0;0;0;0;0;0;0;0;0;0;0;0;0;0;0;0;0;0;0;0;0;0;0;0;0;0;0;0;0;0;0;0;0;0;0;0;0;0;0;0;0;0;0
2026-01-09 15:17:00;1;2;18;909;0;0;0;0;0;0;0;0;0;0.10200000000000001;0.105;0.108;0.11;0.114;0.117;0;0;0;0;0;0;4.026317022173599e-37;0;0;0;0;0;0;500;700;950;1180;850;440;1250;450;595;840;795;750;800;800;800;0;3;0;0;0;0;3;4;0;50;60;20;10;0;0;0;0;3;4;0;50;60;20;10;0;0;0;0;2;1;0;7;8;6;5;0;0;0;0;0;0;0;0;0;0;0;0;0;0;0;0;0;0;0;0;0;0;0;4;0;0;0;0;4;2;0;7;6;8;9;0;0;0;0;0;0;0;0;0;0;0;0;0;0;0;0;0;0;0;0;0;0;0;0;0;0;0;0;0;0;0;0;0;0;0;0;0;0;0;0;0;0;0;0
2026-01-09 15:18:00;1;2;18;909;0;0;0;0;0;0;0;0;0;0.10200000000000001;0.105;0.108;0.11;0.114;0.117;0;0;0;0;0;0;4.026317022173599e-37;0;0;0;0;0;0;500;700;950;1180;850;440;1250;450;595;840;795;750;800;800;800;0;3;0;0;0;0;3;4;0;50;60;20;10;0;0;0;0;3;4;0;50;60;20;10;0;0;0;0;2;1;0;7;8;6;5;0;0;0;0;0;0;0;0;0;0;0;0;0;0;0;0;0;0;0;0;0;0;0;4;0;0;0;0;4;2;0;7;6;8;9;0;0;0;0;0;0;0;0;0;0;0;0;0;0;0;0;0;0;0;0;0;0;0;0;0;0;0;0;0;0;0;0;0;0;0;0;0;0;0;0;0;0;0;0
2026-01-09 15:19:00;1;2;18;909;0;0;0;0;0;0;0;0;0;0.10200000000000001;0.105;0.108;0.11;0.114;0.117;0;0;0;0;0;0;4.026317022173599e-37;0;0;0;0;0;0;500;700;950;1180;850;440;1250;450;595;840;795;750;800;800;800;0;3;0;0;0;0;3;4;0;50;60;20;10;0;0;0;0;3;4;0;50;60;20;10;0;0;0;0;2;1;0;7;8;6;5;0;0;0;0;0;0;0;0;0;0;0;0;0;0;0;0;0;0;0;0;0;0;0;4;0;0;0;0;4;2;0;7;6;8;9;0;0;0;0;0;0;0;0;0;0;0;0;0;0;0;0;0;0;0;0;0;0;0;0;0;0;0;0;0;0;0;0;0;0;0;0;0;0;0;0;0;0;0;0
2026-01-09 15:20:00;1;2;18;909;0;0;0;0;0;0;0;0;0;0.10200000000000001;0.105;0.108;0.11;0.114;0.117;0;0;0;0;0;0;4.026317022173599e-37;0;0;0;0;0;0;500;700;950;1180;850;440;1250;450;595;840;795;750;800;800;800;0;3;0;0;0;0;3;4;0;50;60;20;10;0;0;0;0;3;4;0;50;60;20;10;0;0;0;0;2;1;0;7;8;6;5;0;0;0;0;0;0;0;0;0;0;0;0;0;0;0;0;0;0;0;0;0;0;0;4;0;0;0;0;4;2;0;7;6;8;9;0;0;0;0;0;0;0;0;0;0;0;0;0;0;0;0;0;0;0;0;0;0;0;0;0;0;0;0;0;0;0;0;0;0;0;0;0;0;0;0;0;0;0;0
2026-01-09 15:21:00;1;2;18;909;0;0;0;0;0;0;0;0;0;0.10200000000000001;0.105;0.108;0.11;0.114;0.117;0;0;0;0;0;0;4.026317022173599e-37;0;0;0;0;0;0;500;700;950;1180;850;440;1250;450;595;840;795;750;800;800;800;0;3;0;0;0;0;3;4;0;50;60;20;10;0;0;0;0;3;4;0;50;60;20;10;0;0;0;0;2;1;0;7;8;6;5;0;0;0;0;0;0;0;0;0;0;0;0;0;0;0;0;0;0;0;0;0;0;0;4;0;0;0;0;4;2;0;7;6;8;9;0;0;0;0;0;0;0;0;0;0;0;0;0;0;0;0;0;0;0;0;0;0;0;0;0;0;0;0;0;0;0;0;0;0;0;0;0;0;0;0;0;0;0;0
2026-01-09 15:22:00;1;2;18;909;0;0;0;0;0;0;0;0;0;0.10200000000000001;0.105;0.108;0.11;0.114;0.117;0;0;0;0;0;0;4.026317022173599e-37;0;0;0;0;0;0;500;700;950;1180;850;440;1250;450;595;840;795;750;800;800;800;0;3;0;0;0;0;3;4;0;50;60;20;10;0;0;0;0;3;4;0;50;60;20;10;0;0;0;0;2;1;0;7;8;6;5;0;0;0;0;0;0;0;0;0;0;0;0;0;0;0;0;0;0;0;0;0;0;0;4;0;0;0;0;4;2;0;7;6;8;9;0;0;0;0;0;0;0;0;0;0;0;0;0;0;0;0;0;0;0;0;0;0;0;0;0;0;0;0;0;0;0;0;0;0;0;0;0;0;0;0;0;0;0;0
2026-01-09 15:23:00;1;2;18;909;0;0;0;0;0;0;0;0;0;0.10200000000000001;0.105;0.108;0.11;0.114;0.117;0;0;0;0;0;0;4.026317022173599e-37;0;0;0;0;0;0;500;700;950;1180;850;440;1250;450;595;840;795;750;800;800;800;0;3;0;0;0;0;3;4;0;50;60;20;10;0;0;0;0;3;4;0;50;60;20;10;0;0;0;0;2;1;0;7;8;6;5;0;0;0;0;0;0;0;0;0;0;0;0;0;0;0;0;0;0;0;0;0;0;0;4;0;0;0;0;4;2;0;7;6;8;9;0;0;0;0;0;0;0;0;0;0;0;0;0;0;0;0;0;0;0;0;0;0;0;0;0;0;0;0;0;0;0;0;0;0;0;0;0;0;0;0;0;0;0;0
2026-01-09 15:24:00;1;2;18;909;0;0;0;0;0;0;0;0;0;0.10200000000000001;0.105;0.108;0.11;0.114;0.117;0;0;0;0;0;0;4.026317022173599e-37;0;0;0;0;0;0;500;700;950;1180;850;440;1250;450;595;840;795;750;800;800;800;0;3;0;0;0;0;3;4;0;50;60;20;10;0;0;0;0;3;4;0;50;60;20;10;0;0;0;0;2;1;0;7;8;6;5;0;0;0;0;0;0;0;0;0;0;0;0;0;0;0;0;0;0;0;0;0;0;0;4;0;0;0;0;4;2;0;7;6;8;9;0;0;0;0;0;0;0;0;0;0;0;0;0;0;0;0;0;0;0;0;0;0;0;0;0;0;0;0;0;0;0;0;0;0;0;0;0;0;0;0;0;0;0;0
2026-01-09 15:25:00;1;2;18;909;0;0;0;0;0;0;0;0;0;0.10200000000000001;0.105;0.108;0.11;0.114;0.117;0;0;0;0;0;0;4.026317022173599e-37;0;0;0;0;0;0;500;700;950;1180;850;440;1250;450;595;840;795;750;800;800;800;0;3;0;0;0;0;3;4;0;50;60;20;10;0;0;0;0;3;4;0;50;60;20;10;0;0;0;0;2;1;0;7;8;6;5;0;0;0;0;0;0;0;0;0;0;0;0;0;0;0;0;0;0;0;0;0;0;0;4;0;0;0;0;4;2;0;7;6;8;9;0;0;0;0;0;0;0;0;0;0;0;0;0;0;0;0;0;0;0;0;0;0;0;0;0;0;0;0;0;0;0;0;0;0;0;0;0;0;0;0;0;0;0;0
2026-01-09 15:26:00;1;2;18;909;0;0;0;0;0;0;0;0;0;0.10200000000000001;0.105;0.108;0.11;0.114;0.117;0;0;0;0;0;0;4.026317022173599e-37;0;0;0;0;0;0;500;700;950;1180;850;440;1250;450;595;840;795;750;800;800;800;0;3;0;0;0;0;3;4;0;50;60;20;10;0;0;0;0;3;4;0;50;60;20;10;0;0;0;0;2;1;0;7;8;6;5;0;0;0;0;0;0;0;0;0;0;0;0;0;0;0;0;0;0;0;0;0;0;0;4;0;0;0;0;4;2;0;7;6;8;9;0;0;0;0;0;0;0;0;0;0;0;0;0;0;0;0;0;0;0;0;0;0;0;0;0;0;0;0;0;0;0;0;0;0;0;0;0;0;0;0;0;0;0;0
2026-01-09 15:27:00;1;2;18;909;0;0;0;0;0;0;0;0;0;0.10200000000000001;0.105;0.108;0.11;0.114;0.117;0;0;0;0;0;0;4.026317022173599e-37;0;0;0;0;0;0;500;700;950;1180;850;440;1250;450;595;840;795;750;800;800;800;0;3;0;0;0;0;3;4;0;50;60;20;10;0;0;0;0;3;4;0;50;60;20;10;0;0;0;0;2;1;0;7;8;6;5;0;0;0;0;0;0;0;0;0;0;0;0;0;0;0;0;0;0;0;0;0;0;0;4;0;0;0;0;4;2;0;7;6;8;9;0;0;0;0;0;0;0;0;0;0;0;0;0;0;0;0;0;0;0;0;0;0;0;0;0;0;0;0;0;0;0;0;0;0;0;0;0;0;0;0;0;0;0;0
2026-01-09 15:28:00;1;2;18;909;0;0;0;0;0;0;0;0;0;0.10200000000000001;0.105;0.108;0.11;0.114;0.117;0;0;0;0;0;0;4.026317022173599e-37;0;0;0;0;0;0;500;700;950;1180;850;440;1250;450;595;840;795;750;800;800;800;0;3;0;0;0;0;3;4;0;50;60;20;10;0;0;0;0;3;4;0;50;60;20;10;0;0;0;0;2;1;0;7;8;6;5;0;0;0;0;0;0;0;0;0;0;0;0;0;0;0;0;0;0;0;0;0;0;0;4;0;0;0;0;4;2;0;7;6;8;9;0;0;0;0;0;0;0;0;0;0;0;0;0;0;0;0;0;0;0;0;0;0;0;0;0;0;0;0;0;0;0;0;0;0;0;0;0;0;0;0;0;0;0;0
2026-01-09 15:29:00;1;2;18;909;0;0;0;0;0;0;0;0;0;0.10200000000000001;0.105;0.108;0.11;0.114;0.117;0;0;0;0;0;0;4.026317022173599e-37;0;0;0;0;0;0;500;700;950;1180;850;440;1250;450;595;840;795;750;800;800;800;0;3;0;0;0;0;3;4;0;50;60;20;10;0;0;0;0;3;4;0;50;60;20;10;0;0;0;0;2;1;0;7;8;6;5;0;0;0;0;0;0;0;0;0;0;0;0;0;0;0;0;0;0;0;0;0;0;0;4;0;0;0;0;4;2;0;7;6;8;9;0;0;0;0;0;0;0;0;0;0;0;0;0;0;0;0;0;0;0;0;0;0;0;0;0;0;0;0;0;0;0;0;0;0;0;0;0;0;0;0;0;0;0;0
2026-01-09 15:30:00;1;2;18;909;0;0;0;0;0;0;0;0;0;0.10200000000000001;0.105;0.108;0.11;0.114;0.117;0;0;0;0;0;0;4.026317022173599e-37;0;0;0;0;0;0;500;700;950;1180;850;440;1250;450;595;840;795;750;800;800;800;0;3;0;0;0;0;3;4;0;50;60;20;10;0;0;0;0;3;4;0;50;60;20;10;0;0;0;0;2;1;0;7;8;6;5;0;0;0;0;0;0;0;0;0;0;0;0;0;0;0;0;0;0;0;0;0;0;0;4;0;0;0;0;4;2;0;7;6;8;9;0;0;0;0;0;0;0;0;0;0;0;0;0;0;0;0;0;0;0;0;0;0;0;0;0;0;0;0;0;0;0;0;0;0;0;0;0;0;0;0;0;0;0;0
2026-01-09 15:31:00;1;2;18;909;0;0;0;0;0;0;0;0;0;0.10200000000000001;0.105;0.108;0.11;0.114;0.117;0;0;0;0;0;0;4.026317022173599e-37;0;0;0;0;0;0;500;700;950;1180;850;440;1250;450;595;840;795;750;800;800;800;0;3;0;0;0;0;3;4;0;50;60;20;10;0;0;0;0;3;4;0;50;60;20;10;0;0;0;0;2;1;0;7;8;6;5;0;0;0;0;0;0;0;0;0;0;0;0;0;0;0;0;0;0;0;0;0;0;0;4;0;0;0;0;4;2;0;7;6;8;9;0;0;0;0;0;0;0;0;0;0;0;0;0;0;0;0;0;0;0;0;0;0;0;0;0;0;0;0;0;0;0;0;0;0;0;0;0;0;0;0;0;0;0;0
2026-01-09 15:32:00;1;2;18;909;0;0;0;0;0;0;0;0;0;0.10200000000000001;0.105;0.108;0.11;0.114;0.117;0;0;0;0;0;0;4.026317022173599e-37;0;0;0;0;0;0;500;700;950;1180;850;440;1250;450;595;840;795;750;800;800;800;0;3;0;0;0;0;3;4;0;50;60;20;10;0;0;0;0;3;4;0;50;60;20;10;0;0;0;0;2;1;0;7;8;6;5;0;0;0;0;0;0;0;0;0;0;0;0;0;0;0;0;0;0;0;0;0;0;0;4;0;0;0;0;4;2;0;7;6;8;9;0;0;0;0;0;0;0;0;0;0;0;0;0;0;0;0;0;0;0;0;0;0;0;0;0;0;0;0;0;0;0;0;0;0;0;0;0;0;0;0;0;0;0;0
2026-01-09 15:33:00;1;2;18;909;0;0;0;0;0;0;0;0;0;0.10200000000000001;0.105;0.108;0.11;0.114;0.117;0;0;0;0;0;0;4.026317022173599e-37;0;0;0;0;0;0;500;700;950;1180;850;440;1250;450;595;840;795;750;800;800;800;0;3;0;0;0;0;3;4;0;50;60;20;10;0;0;0;0;3;4;0;50;60;20;10;0;0;0;0;2;1;0;7;8;6;5;0;0;0;0;0;0;0;0;0;0;0;0;0;0;0;0;0;0;0;0;0;0;0;4;0;0;0;0;4;2;0;7;6;8;9;0;0;0;0;0;0;0;0;0;0;0;0;0;0;0;0;0;0;0;0;0;0;0;0;0;0;0;0;0;0;0;0;0;0;0;0;0;0;0;0;0;0;0;0
2026-01-09 15:34:00;1;2;18;909;0;0;0;0;0;0;0;0;0;0.10200000000000001;0.105;0.108;0.11;0.114;0.117;0;0;0;0;0;0;4.026317022173599e-37;0;0;0;0;0;0;500;700;950;1180;850;440;1250;450;595;840;795;750;800;800;800;0;3;0;0;0;0;3;4;0;50;60;20;10;0;0;0;0;3;4;0;50;60;20;10;0;0;0;0;2;1;0;7;8;6;5;0;0;0;0;0;0;0;0;0;0;0;0;0;0;0;0;0;0;0;0;0;0;0;4;0;0;0;0;4;2;0;7;6;8;9;0;0;0;0;0;0;0;0;0;0;0;0;0;0;0;0;0;0;0;0;0;0;0;0;0;0;0;0;0;0;0;0;0;0;0;0;0;0;0;0;0;0;0;0
2026-01-09 15:35:00;1;2;18;909;0;0;0;0;0;0;0;0;0;0.10200000000000001;0.105;0.108;0.11;0.114;0.117;0;0;0;0;0;0;4.026317022173599e-37;0;0;0;0;0;0;500;700;950;1180;850;440;1250;450;595;840;795;750;800;800;800;0;3;0;0;0;0;3;4;0;50;60;20;10;0;0;0;0;3;4;0;50;60;20;10;0;0;0;0;2;1;0;7;8;6;5;0;0;0;0;0;0;0;0;0;0;0;0;0;0;0;0;0;0;0;0;0;0;0;4;0;0;0;0;4;2;0;7;6;8;9;0;0;0;0;0;0;0;0;0;0;0;0;0;0;0;0;0;0;0;0;0;0;0;0;0;0;0;0;0;0;0;0;0;0;0;0;0;0;0;0;0;0;0;0
2026-01-09 15:36:00;1;2;18;909;0;0;0;0;0;0;0;0;0;0.10200000000000001;0.105;0.108;0.11;0.114;0.117;0;0;0;0;0;0;4.026317022173599e-37;0;0;0;0;0;0;500;700;950;1180;850;440;1250;450;595;840;795;750;800;800;800;0;3;0;0;0;0;3;4;0;50;60;20;10;0;0;0;0;3;4;0;50;60;20;10;0;0;0;0;2;1;0;7;8;6;5;0;0;0;0;0;0;0;0;0;0;0;0;0;0;0;0;0;0;0;0;0;0;0;4;0;0;0;0;4;2;0;7;6;8;9;0;0;0;0;0;0;0;0;0;0;0;0;0;0;0;0;0;0;0;0;0;0;0;0;0;0;0;0;0;0;0;0;0;0;0;0;0;0;0;0;0;0;0;0
2026-01-09 15:37:00;1;2;18;909;0;0;0;0;0;0;0;0;0;0.10200000000000001;0.105;0.108;0.11;0.114;0.117;0;0;0;0;0;0;4.026317022173599e-37;0;0;0;0;0;0;500;700;950;1180;850;440;1250;450;595;840;795;750;800;800;800;0;3;0;0;0;0;3;4;0;50;60;20;10;0;0;0;0;3;4;0;50;60;20;10;0;0;0;0;2;1;0;7;8;6;5;0;0;0;0;0;0;0;0;0;0;0;0;0;0;0;0;0;0;0;0;0;0;0;4;0;0;0;0;4;2;0;7;6;8;9;0;0;0;0;0;0;0;0;0;0;0;0;0;0;0;0;0;0;0;0;0;0;0;0;0;0;0;0;0;0;0;0;0;0;0;0;0;0;0;0;0;0;0;0
2026-01-09 15:38:00;1;2;18;909;0;0;0;0;0;0;0;0;0;0.10200000000000001;0.105;0.108;0.11;0.114;0.117;0;0;0;0;0;0;4.026317022173599e-37;0;0;0;0;0;0;500;700;950;1180;850;440;1250;450;595;840;795;750;800;800;800;0;3;0;0;0;0;3;4;0;50;60;20;10;0;0;0;0;3;4;0;50;60;20;10;0;0;0;0;2;1;0;7;8;6;5;0;0;0;0;0;0;0;0;0;0;0;0;0;0;0;0;0;0;0;0;0;0;0;4;0;0;0;0;4;2;0;7;6;8;9;0;0;0;0;0;0;0;0;0;0;0;0;0;0;0;0;0;0;0;0;0;0;0;0;0;0;0;0;0;0;0;0;0;0;0;0;0;0;0;0;0;0;0;0
2026-01-09 15:39:00;1;2;18;909;0;0;0;0;0;0;0;0;0;0.10200000000000001;0.105;0.108;0.11;0.114;0.117;0;0;0;0;0;0;4.026317022173599e-37;0;0;0;0;0;0;500;700;950;1180;850;440;1250;450;595;840;795;750;800;800;800;0;3;0;0;0;0;3;4;0;50;60;20;10;0;0;0;0;3;4;0;50;60;20;10;0;0;0;0;2;1;0;7;8;6;5;0;0;0;0;0;0;0;0;0;0;0;0;0;0;0;0;0;0;0;0;0;0;0;4;0;0;0;0;4;2;0;7;6;8;9;0;0;0;0;0;0;0;0;0;0;0;0;0;0;0;0;0;0;0;0;0;0;0;0;0;0;0;0;0;0;0;0;0;0;0;0;0;0;0;0;0;0;0;0
2026-01-09 15:40:00;1;2;18;909;0;0;0;0;0;0;0;0;0;0.10200000000000001;0.105;0.108;0.11;0.114;0.117;0;0;0;0;0;0;4.026317022173599e-37;0;0;0;0;0;0;500;700;950;1180;850;440;1250;450;595;840;795;750;800;800;800;0;3;0;0;0;0;3;4;0;50;60;20;10;0;0;0;0;3;4;0;50;60;20;10;0;0;0;0;2;1;0;7;8;6;5;0;0;0;0;0;0;0;0;0;0;0;0;0;0;0;0;0;0;0;0;0;0;0;4;0;0;0;0;4;2;0;7;6;8;9;0;0;0;0;0;0;0;0;0;0;0;0;0;0;0;0;0;0;0;0;0;0;0;0;0;0;0;0;0;0;0;0;0;0;0;0;0;0;0;0;0;0;0;0
2026-01-09 15:41:00;1;2;18;909;0;0;0;0;0;0;0;0;0;0.10200000000000001;0.105;0.108;0.11;0.114;0.117;0;0;0;0;0;0;4.026317022173599e-37;0;0;0;0;0;0;500;700;950;1180;850;440;1250;450;595;840;795;750;800;800;800;0;3;0;0;0;0;3;4;0;50;60;20;10;0;0;0;0;3;4;0;50;60;20;10;0;0;0;0;2;1;0;7;8;6;5;0;0;0;0;0;0;0;0;0;0;0;0;0;0;0;0;0;0;0;0;0;0;0;4;0;0;0;0;4;2;0;7;6;8;9;0;0;0;0;0;0;0;0;0;0;0;0;0;0;0;0;0;0;0;0;0;0;0;0;0;0;0;0;0;0;0;0;0;0;0;0;0;0;0;0;0;0;0;0
2026-01-09 15:42:00;1;2;18;909;0;0;0;0;0;0;0;0;0;0.10200000000000001;0.105;0.108;0.11;0.114;0.117;0;0;0;0;0;0;4.026317022173599e-37;0;0;0;0;0;0;500;700;950;1180;850;440;1250;450;595;840;795;750;800;800;800;0;3;0;0;0;0;3;4;0;50;60;20;10;0;0;0;0;3;4;0;50;60;20;10;0;0;0;0;2;1;0;7;8;6;5;0;0;0;0;0;0;0;0;0;0;0;0;0;0;0;0;0;0;0;0;0;0;0;4;0;0;0;0;4;2;0;7;6;8;9;0;0;0;0;0;0;0;0;0;0;0;0;0;0;0;0;0;0;0;0;0;0;0;0;0;0;0;0;0;0;0;0;0;0;0;0;0;0;0;0;0;0;0;0
2026-01-09 15:43:00;1;2;18;909;0;0;0;0;0;0;0;0;0;0.10200000000000001;0.105;0.108;0.11;0.114;0.117;0;0;0;0;0;0;4.026317022173599e-37;0;0;0;0;0;0;500;700;950;1180;850;440;1250;450;595;840;795;750;800;800;800;0;3;0;0;0;0;3;4;0;50;60;20;10;0;0;0;0;3;4;0;50;60;20;10;0;0;0;0;2;1;0;7;8;6;5;0;0;0;0;0;0;0;0;0;0;0;0;0;0;0;0;0;0;0;0;0;0;0;4;0;0;0;0;4;2;0;7;6;8;9;0;0;0;0;0;0;0;0;0;0;0;0;0;0;0;0;0;0;0;0;0;0;0;0;0;0;0;0;0;0;0;0;0;0;0;0;0;0;0;0;0;0;0;0
2026-01-09 15:44:00;1;2;18;909;0;0;0;0;0;0;0;0;0;0.10200000000000001;0.105;0.108;0.11;0.114;0.117;0;0;0;0;0;0;4.026317022173599e-37;0;0;0;0;0;0;500;700;950;1180;850;440;1250;450;595;840;795;750;800;800;800;0;3;0;0;0;0;3;4;0;50;60;20;10;0;0;0;0;3;4;0;50;60;20;10;0;0;0;0;2;1;0;7;8;6;5;0;0;0;0;0;0;0;0;0;0;0;0;0;0;0;0;0;0;0;0;0;0;0;4;0;0;0;0;4;2;0;7;6;8;9;0;0;0;0;0;0;0;0;0;0;0;0;0;0;0;0;0;0;0;0;0;0;0;0;0;0;0;0;0;0;0;0;0;0;0;0;0;0;0;0;0;0;0;0
2026-01-09 15:45:00;1;2;18;909;0;0;0;0;0;0;0;0;0;0.10200000000000001;0.105;0.108;0.11;0.114;0.117;0;0;0;0;0;0;4.026317022173599e-37;0;0;0;0;0;0;500;700;950;1180;850;440;1250;450;595;840;795;750;800;800;800;0;3;0;0;0;0;3;4;0;50;60;20;10;0;0;0;0;3;4;0;50;60;20;10;0;0;0;0;2;1;0;7;8;6;5;0;0;0;0;0;0;0;0;0;0;0;0;0;0;0;0;0;0;0;0;0;0;0;4;0;0;0;0;4;2;0;7;6;8;9;0;0;0;0;0;0;0;0;0;0;0;0;0;0;0;0;0;0;0;0;0;0;0;0;0;0;0;0;0;0;0;0;0;0;0;0;0;0;0;0;0;0;0;0
2026-01-09 15:46:00;1;2;18;909;0;0;0;0;0;0;0;0;0;0.10200000000000001;0.105;0.108;0.11;0.114;0.117;0;0;0;0;0;0;4.026317022173599e-37;0;0;0;0;0;0;500;700;950;1180;850;440;1250;450;595;840;795;750;800;800;800;0;3;0;0;0;0;3;4;0;50;60;20;10;0;0;0;0;3;4;0;50;60;20;10;0;0;0;0;2;1;0;7;8;6;5;0;0;0;0;0;0;0;0;0;0;0;0;0;0;0;0;0;0;0;0;0;0;0;4;0;0;0;0;4;2;0;7;6;8;9;0;0;0;0;0;0;0;0;0;0;0;0;0;0;0;0;0;0;0;0;0;0;0;0;0;0;0;0;0;0;0;0;0;0;0;0;0;0;0;0;0;0;0;0
2026-01-09 15:47:00;1;2;18;909;0;0;0;0;0;0;0;0;0;0.10200000000000001;0.105;0.108;0.11;0.114;0.117;0;0;0;0;0;0;4.026317022173599e-37;0;0;0;0;0;0;500;700;950;1180;850;440;1250;450;595;840;795;750;800;800;800;0;3;0;0;0;0;3;4;0;50;60;20;10;0;0;0;0;3;4;0;50;60;20;10;0;0;0;0;2;1;0;7;8;6;5;0;0;0;0;0;0;0;0;0;0;0;0;0;0;0;0;0;0;0;0;0;0;0;4;0;0;0;0;4;2;0;7;6;8;9;0;0;0;0;0;0;0;0;0;0;0;0;0;0;0;0;0;0;0;0;0;0;0;0;0;0;0;0;0;0;0;0;0;0;0;0;0;0;0;0;0;0;0;0
2026-01-09 15:48:00;1;2;18;909;0;0;0;0;0;0;0;0;0;0.10200000000000001;0.105;0.108;0.11;0.114;0.117;0;0;0;0;0;0;4.026317022173599e-37;0;0;0;0;0;0;500;700;950;1180;850;440;1250;450;595;840;795;750;800;800;800;0;3;0;0;0;0;3;4;0;50;60;20;10;0;0;0;0;3;4;0;50;60;20;10;0;0;0;0;2;1;0;7;8;6;5;0;0;0;0;0;0;0;0;0;0;0;0;0;0;0;0;0;0;0;0;0;0;0;4;0;0;0;0;4;2;0;7;6;8;9;0;0;0;0;0;0;0;0;0;0;0;0;0;0;0;0;0;0;0;0;0;0;0;0;0;0;0;0;0;0;0;0;0;0;0;0;0;0;0;0;0;0;0;0
2026-01-09 15:49:00;1;2;18;909;0;0;0;0;0;0;0;0;0;0.10200000000000001;0.105;0.108;0.11;0.114;0.117;0;0;0;0;0;0;4.026317022173599e-37;0;0;0;0;0;0;500;700.3333435058594;950;1180;850;440;1250;450;595;840;795;750;800;800;800;0;3;0;0;0;0;3;4;0;50;60;20;10;0;0;0;0;3;4;0;50;60;20;10;0;0;0;0;2;1;0;7;8;6;5;0;0;0;0;0;0;0;0;0;0;0;0;0;0;0;0;0;0;0;0;0;0;0;4;0;0;0;0;4;2;0;7;6;8;9;0;0;0;0;0;0;0;0;0;0;0;0;0;0;0;0;0;0;0;0;0;0;0;0;0;0;0;0;0;0;0;0;0;0;0;0;0;0;0;0;0;0;0;0
2026-01-09 15:50:00;1;2;18;909;0;0;0;0;0;0;0;0;0;0.10200000000000001;0.105;0.108;0.11;0.114;0.117;0;0;0;0;0;0;4.026317022173599e-37;0;0;0;0;0;0;500;700.3333435058594;950;1180;850;440;1250;450;595;840;795;750;800;800;800;0;3;0;0;0;0;3;4;0;50;60;20;10;0;0;0;0;3;4;0;50;60;20;10;0;0;0;0;2;1;0;7;8;6;5;0;0;0;0;0;0;0;0;0;0;0;0;0;0;0;0;0;0;0;0;0;0;0;4;0;0;0;0;4;2;0;7;6;8;9;0;0;0;0;0;0;0;0;0;0;0;0;0;0;0;0;0;0;0;0;0;0;0;0;0;0;0;0;0;0;0;0;0;0;0;0;0;0;0;0;0;0;0;0
2026-01-09 15:51:00;1;2;18;909;0;0;0;0;0;0;0;0;0;0.10200000000000001;0.105;0.108;0.11;0.114;0.117;0;0;0;0;0;0;4.026317022173599e-37;0;0;0;0;0;0;500;700.3333435058594;950;1180;850;440;1250;450;595;840;795;750;800;800;800;0;3;0;0;0;0;3;4;0;50;60;20;10;0;0;0;0;3;4;0;50;60;20;10;0;0;0;0;2;1;0;7;8;6;5;0;0;0;0;0;0;0;0;0;0;0;0;0;0;0;0;0;0;0;0;0;0;0;4;0;0;0;0;4;2;0;7;6;8;9;0;0;0;0;0;0;0;0;0;0;0;0;0;0;0;0;0;0;0;0;0;0;0;0;0;0;0;0;0;0;0;0;0;0;0;0;0;0;0;0;0;0;0;0
2026-01-09 15:52:00;1;2;18;909;0;0;0;0;0;0;0;0;0;0.10200000000000001;0.105;0.108;0.11;0.114;0.117;0;0;0;0;0;0;4.026317022173599e-37;0;0;0;0;0;0;500;700.3333435058594;950;1180;850;440;1250;450;595;840;795;750;800;800;800;0;3;0;0;0;0;3;4;0;50;60;20;10;0;0;0;0;3;4;0;50;60;20;10;0;0;0;0;2;1;0;7;8;6;5;0;0;0;0;0;0;0;0;0;0;0;0;0;0;0;0;0;0;0;0;0;0;0;4;0;0;0;0;4;2;0;7;6;8;9;0;0;0;0;0;0;0;0;0;0;0;0;0;0;0;0;0;0;0;0;0;0;0;0;0;0;0;0;0;0;0;0;0;0;0;0;0;0;0;0;0;0;0;0
2026-01-09 15:53:00;1;2;18;909;0;0;0;0;0;0;0;0;0;0.10200000000000001;0.105;0.108;0.11;0.114;0.117;0;0;0;0;0;0;4.026317022173599e-37;0;0;0;0;0;0;500;700.3333435058594;950;1180;850;440;1250;450;595;840;795;750;800;800;800;0;3;0;0;0;0;3;4;0;50;60;20;10;0;0;0;0;3;4;0;50;60;20;10;0;0;0;0;2;1;0;7;8;6;5;0;0;0;0;0;0;0;0;0;0;0;0;0;0;0;0;0;0;0;0;0;0;0;4;0;0;0;0;4;2;0;7;6;8;9;0;0;0;0;0;0;0;0;0;0;0;0;0;0;0;0;0;0;0;0;0;0;0;0;0;0;0;0;0;0;0;0;0;0;0;0;0;0;0;0;0;0;0;0
2026-01-09 15:54:00;1;2;18;909;0;0;0;0;0;0;0;0;0;0.10200000000000001;0.105;0.108;0.11;0.114;0.117;0;0;0;0;0;0;4.026317022173599e-37;0;0;0;0;0;0;500;700.3333435058594;950;1180;850;440;1250;450;595;840;795;750;800;800;800;0;3;0;0;0;0;3;4;0;50;60;20;10;0;0;0;0;3;4;0;50;60;20;10;0;0;0;0;2;1;0;7;8;6;5;0;0;0;0;0;0;0;0;0;0;0;0;0;0;0;0;0;0;0;0;0;0;0;4;0;0;0;0;4;2;0;7;6;8;9;0;0;0;0;0;0;0;0;0;0;0;0;0;0;0;0;0;0;0;0;0;0;0;0;0;0;0;0;0;0;0;0;0;0;0;0;0;0;0;0;0;0;0;0
2026-01-09 15:55:00;1;2;18;909;0;0;0;0;0;0;0;0;0;0.10200000000000001;0.105;0.108;0.11;0.114;0.117;0;0;0;0;0;0;4.026317022173599e-37;0;0;0;0;0;0;500;700.3333435058594;950;1180;850;440;1250;450;595;840;795;750;800;800;800;0;3;0;0;0;0;3;4;0;50;60;20;10;0;0;0;0;3;4;0;50;60;20;10;0;0;0;0;2;1;0;7;8;6;5;0;0;0;0;0;0;0;0;0;0;0;0;0;0;0;0;0;0;0;0;0;0;0;4;0;0;0;0;4;2;0;7;6;8;9;0;0;0;0;0;0;0;0;0;0;0;0;0;0;0;0;0;0;0;0;0;0;0;0;0;0;0;0;0;0;0;0;0;0;0;0;0;0;0;0;0;0;0;0
2026-01-09 15:56:00;1;2;18;909;0;0;0;0;0;0;0;0;0;0.10200000000000001;0.105;0.108;0.11;0.114;0.117;0;0;0;0;0;0;4.026317022173599e-37;0;0;0;0;0;0;500;700.3333435058594;950;1180;850;440;1250;450;595;840;795;750;800;800;800;0;3;0;0;0;0;3;4;0;50;60;20;10;0;0;0;0;3;4;0;50;60;20;10;0;0;0;0;2;1;0;7;8;6;5;0;0;0;0;0;0;0;0;0;0;0;0;0;0;0;0;0;0;0;0;0;0;0;4;0;0;0;0;4;2;0;7;6;8;9;0;0;0;0;0;0;0;0;0;0;0;0;0;0;0;0;0;0;0;0;0;0;0;0;0;0;0;0;0;0;0;0;0;0;0;0;0;0;0;0;0;0;0;0
2026-01-09 15:57:00;1;2;18;909;0;0;0;0;0;0;0;0;0;0.10200000000000001;0.105;0.108;0.11;0.114;0.117;0;0;0;0;0;0;4.026317022173599e-37;0;0;0;0;0;0;500;700.3333435058594;950;1180;850;440;1250;450;595;840;795;750;800;800;800;0;3;0;0;0;0;3;4;0;50;60;20;10;0;0;0;0;3;4;0;50;60;20;10;0;0;0;0;2;1;0;7;8;6;5;0;0;0;0;0;0;0;0;0;0;0;0;0;0;0;0;0;0;0;0;0;0;0;4;0;0;0;0;4;2;0;7;6;8;9;0;0;0;0;0;0;0;0;0;0;0;0;0;0;0;0;0;0;0;0;0;0;0;0;0;0;0;0;0;0;0;0;0;0;0;0;0;0;0;0;0;0;0;0
2026-01-09 15:58:00;1;2;18;909;0;0;0;0;0;0;0;0;0;0.10200000000000001;0.105;0.108;0.11;0.114;0.117;0;0;0;0;0;0;4.026317022173599e-37;0;0;0;0;0;0;500;700.3333435058594;950;1180;850;440;1250;450;595;840;795;750;800;800;800;0;3;0;0;0;0;3;4;0;50;60;20;10;0;0;0;0;3;4;0;50;60;20;10;0;0;0;0;2;1;0;7;8;6;5;0;0;0;0;0;0;0;0;0;0;0;0;0;0;0;0;0;0;0;0;0;0;0;4;0;0;0;0;4;2;0;7;6;8;9;0;0;0;0;0;0;0;0;0;0;0;0;0;0;0;0;0;0;0;0;0;0;0;0;0;0;0;0;0;0;0;0;0;0;0;0;0;0;0;0;0;0;0;0
2026-01-09 15:59:00;1;2;18;909;0;0;0;0;0;0;0;0;0;0.10200000000000001;0.105;0.108;0.11;0.114;0.117;0;0;0;0;0;0;4.026317022173599e-37;0;0;0;0;0;0;500;700.3333435058594;950;1180;850;440;1250;450;595;840;795;750;800;800;800;0;3;0;0;0;0;3;4;0;50;60;20;10;0;0;0;0;3;4;0;50;60;20;10;0;0;0;0;2;1;0;7;8;6;5;0;0;0;0;0;0;0;0;0;0;0;0;0;0;0;0;0;0;0;0;0;0;0;4;0;0;0;0;4;2;0;7;6;8;9;0;0;0;0;0;0;0;0;0;0;0;0;0;0;0;0;0;0;0;0;0;0;0;0;0;0;0;0;0;0;0;0;0;0;0;0;0;0;0;0;0;0;0;0
2026-01-09 16:00:00;1;2;18;909;0;0;0;0;0;0;0;0;0;0.10200000000000001;0.105;0.108;0.11;0.114;0.117;0;0;0;0;0;0;4.026317022173599e-37;0;0;0;0;0;0;500;700.3333435058594;950;1180;850;440;1250;450;595;840;795;750;800;800;800;0;3;0;0;0;0;3;4;0;50;60;20;10;0;0;0;0;3;4;0;50;60;20;10;0;0;0;0;2;1;0;7;8;6;5;0;0;0;0;0;0;0;0;0;0;0;0;0;0;0;0;0;0;0;0;0;0;0;4;0;0;0;0;4;2;0;7;6;8;9;0;0;0;0;0;0;0;0;0;0;0;0;0;0;0;0;0;0;0;0;0;0;0;0;0;0;0;0;0;0;0;0;0;0;0;0;0;0;0;0;0;0;0;0
2026-01-09 16:01:00;1;2;18;909;0;0;0;0;0;0;0;0;0;0.10200000000000001;0.105;0.108;0.11;0.114;0.117;0;0;0;0;0;0;4.026317022173599e-37;0;0;0;0;0;0;500;700.3333435058594;950;1180;850;440;1250;450;595;840;795;750;800;800;800;0;3;0;0;0;0;3;4;0;50;60;20;10;0;0;0;0;3;4;0;50;60;20;10;0;0;0;0;2;1;0;7;8;6;5;0;0;0;0;0;0;0;0;0;0;0;0;0;0;0;0;0;0;0;0;0;0;0;4;0;0;0;0;4;2;0;7;6;8;9;0;0;0;0;0;0;0;0;0;0;0;0;0;0;0;0;0;0;0;0;0;0;0;0;0;0;0;0;0;0;0;0;0;0;0;0;0;0;0;0;0;0;0;0
2026-01-09 16:02:00;1;2;18;909;0;0;0;0;0;0;0;0;0;0.10200000000000001;0.105;0.108;0.11;0.114;0.117;0;0;0;0;0;0;4.026317022173599e-37;0;0;0;0;0;0;500;700.3333435058594;950;1180;850;440;1250;450;595;840;795;750;800;800;800;0;3;0;0;0;0;3;4;0;50;60;20;10;0;0;0;0;3;4;0;50;60;20;10;0;0;0;0;2;1;0;7;8;6;5;0;0;0;0;0;0;0;0;0;0;0;0;0;0;0;0;0;0;0;0;0;0;0;4;0;0;0;0;4;2;0;7;6;8;9;0;0;0;0;0;0;0;0;0;0;0;0;0;0;0;0;0;0;0;0;0;0;0;0;0;0;0;0;0;0;0;0;0;0;0;0;0;0;0;0;0;0;0;0
2026-01-09 16:03:00;1;2;18;909;0;0;0;0;0;0;0;0;0;0.10200000000000001;0.105;0.108;0.11;0.114;0.117;0;0;0;0;0;0;4.026317022173599e-37;0;0;0;0;0;0;500;700.3333435058594;950;1180;850;440;1250;450;595;840;795;750;800;800;800;0;3;0;0;0;0;3;4;0;50;60;20;10;0;0;0;0;3;4;0;50;60;20;10;0;0;0;0;2;1;0;7;8;6;5;0;0;0;0;0;0;0;0;0;0;0;0;0;0;0;0;0;0;0;0;0;0;0;4;0;0;0;0;4;2;0;7;6;8;9;0;0;0;0;0;0;0;0;0;0;0;0;0;0;0;0;0;0;0;0;0;0;0;0;0;0;0;0;0;0;0;0;0;0;0;0;0;0;0;0;0;0;0;0
2026-01-09 16:04:00;1;2;18;909;0;0;0;0;0;0;0;0;0;0.10200000000000001;0.105;0.108;0.11;0.114;0.117;0;0;0;0;0;0;4.026317022173599e-37;0;0;0;0;0;0;500;700.3333435058594;950;1180;850;440;1250;450;595;840;795;750;800;800;800;0;3;0;0;0;0;3;4;0;50;60;20;10;0;0;0;0;3;4;0;50;60;20;10;0;0;0;0;2;1;0;7;8;6;5;0;0;0;0;0;0;0;0;0;0;0;0;0;0;0;0;0;0;0;0;0;0;0;4;0;0;0;0;4;2;0;7;6;8;9;0;0;0;0;0;0;0;0;0;0;0;0;0;0;0;0;0;0;0;0;0;0;0;0;0;0;0;0;0;0;0;0;0;0;0;0;0;0;0;0;0;0;0;0
2026-01-09 16:05:00;1;2;18;909;0;0;0;0;0;0;0;0;0;0.10200000000000001;0.105;0.108;0.11;0.114;0.117;0;0;0;0;0;0;4.026317022173599e-37;0;0;0;0;0;0;500;700.3333435058594;950;1180;850;440;1250;450;595;840;795;750;800;800;800;0;3;0;0;0;0;3;4;0;50;60;20;10;0;0;0;0;3;4;0;50;60;20;10;0;0;0;0;2;1;0;7;8;6;5;0;0;0;0;0;0;0;0;0;0;0;0;0;0;0;0;0;0;0;0;0;0;0;4;0;0;0;0;4;2;0;7;6;8;9;0;0;0;0;0;0;0;0;0;0;0;0;0;0;0;0;0;0;0;0;0;0;0;0;0;0;0;0;0;0;0;0;0;0;0;0;0;0;0;0;0;0;0;0
2026-01-09 16:06:00;1;2;18;909;0;0;0;0;0;0;0;0;0;0.10200000000000001;0.105;0.108;0.11;0.114;0.117;0;0;0;0;0;0;4.026317022173599e-37;0;0;0;0;0;0;500;700.3333435058594;950;1180;850;440;1250;450;595;840;795;750;800;800;800;0;3;0;0;0;0;3;4;0;50;60;20;10;0;0;0;0;3;4;0;50;60;20;10;0;0;0;0;2;1;0;7;8;6;5;0;0;0;0;0;0;0;0;0;0;0;0;0;0;0;0;0;0;0;0;0;0;0;4;0;0;0;0;4;2;0;7;6;8;9;0;0;0;0;0;0;0;0;0;0;0;0;0;0;0;0;0;0;0;0;0;0;0;0;0;0;0;0;0;0;0;0;0;0;0;0;0;0;0;0;0;0;0;0
2026-01-09 16:07:00;1;2;18;909;0;0;0;0;0;0;0;0;0;0.10200000000000001;0.105;0.108;0.11;0.114;0.117;0;0;0;0;0;0;4.026317022173599e-37;0;0;0;0;0;0;500;700.3333435058594;950;1180;850;440;1250;450;595;840;795;750;800;800;800;0;3;0;0;0;0;3;4;0;50;60;20;10;0;0;0;0;3;4;0;50;60;20;10;0;0;0;0;2;1;0;7;8;6;5;0;0;0;0;0;0;0;0;0;0;0;0;0;0;0;0;0;0;0;0;0;0;0;4;0;0;0;0;4;2;0;7;6;8;9;0;0;0;0;0;0;0;0;0;0;0;0;0;0;0;0;0;0;0;0;0;0;0;0;0;0;0;0;0;0;0;0;0;0;0;0;0;0;0;0;0;0;0;0
2026-01-09 16:08:00;1;2;18;909;0;0;0;0;0;0;0;0;0;0.10200000000000001;0.105;0.108;0.11;0.114;0.117;0;0;0;0;0;0;4.026317022173599e-37;0;0;0;0;0;0;500;700.3333435058594;950;1180;850;440;1250;450;595;840;795;750;800;800;800;0;3;0;0;0;0;3;4;0;50;60;20;10;0;0;0;0;3;4;0;50;60;20;10;0;0;0;0;2;1;0;7;8;6;5;0;0;0;0;0;0;0;0;0;0;0;0;0;0;0;0;0;0;0;0;0;0;0;4;0;0;0;0;4;2;0;7;6;8;9;0;0;0;0;0;0;0;0;0;0;0;0;0;0;0;0;0;0;0;0;0;0;0;0;0;0;0;0;0;0;0;0;0;0;0;0;0;0;0;0;0;0;0;0
2026-01-09 16:09:00;1;2;18;909;0;0;0;0;0;0;0;0;0;0.10200000000000001;0.105;0.108;0.11;0.114;0.117;0;0;0;0;0;0;4.026317022173599e-37;0;0;0;0;0;0;500;700.3333435058594;950;1180;850;440;1250;450;595;840;795;750;800;800;800;0;3;0;0;0;0;3;4;0;50;60;20;10;0;0;0;0;3;4;0;50;60;20;10;0;0;0;0;2;1;0;7;8;6;5;0;0;0;0;0;0;0;0;0;0;0;0;0;0;0;0;0;0;0;0;0;0;0;4;0;0;0;0;4;2;0;7;6;8;9;0;0;0;0;0;0;0;0;0;0;0;0;0;0;0;0;0;0;0;0;0;0;0;0;0;0;0;0;0;0;0;0;0;0;0;0;0;0;0;0;0;0;0;0
2026-01-09 16:10:00;1;2;18;909;0;0;0;0;0;0;0;0;0;0.10200000000000001;0.105;0.108;0.11;0.114;0.117;0;0;0;0;0;0;4.026317022173599e-37;0;0;0;0;0;0;500;700.3333435058594;950;1180;850;440;1250;450;595;840;795;750;800;800;800;0;3;0;0;0;0;3;4;0;50;60;20;10;0;0;0;0;3;4;0;50;60;20;10;0;0;0;0;2;1;0;7;8;6;5;0;0;0;0;0;0;0;0;0;0;0;0;0;0;0;0;0;0;0;0;0;0;0;4;0;0;0;0;4;2;0;7;6;8;9;0;0;0;0;0;0;0;0;0;0;0;0;0;0;0;0;0;0;0;0;0;0;0;0;0;0;0;0;0;0;0;0;0;0;0;0;0;0;0;0;0;0;0;0
2026-01-09 16:11:00;1;2;18;909;0;0;0;0;0;0;0;0;0;0.10200000000000001;0.105;0.108;0.11;0.114;0.117;0;0;0;0;0;0;4.026317022173599e-37;0;0;0;0;0;0;500;700.3333435058594;950;1180;850;440;1250;450;595;840;795;750;800;800;800;0;3;0;0;0;0;3;4;0;50;60;20;10;0;0;0;0;3;4;0;50;60;20;10;0;0;0;0;2;1;0;7;8;6;5;0;0;0;0;0;0;0;0;0;0;0;0;0;0;0;0;0;0;0;0;0;0;0;4;0;0;0;0;4;2;0;7;6;8;9;0;0;0;0;0;0;0;0;0;0;0;0;0;0;0;0;0;0;0;0;0;0;0;0;0;0;0;0;0;0;0;0;0;0;0;0;0;0;0;0;0;0;0;0
2026-01-09 16:12:00;1;2;18;909;0;0;0;0;0;0;0;0;0;0.10200000000000001;0.105;0.108;0.11;0.114;0.117;0;0;0;0;0;0;4.026317022173599e-37;0;0;0;0;0;0;500;700.3333435058594;950;1180;850;440;1250;450;595;840;795;750;800;800;800;0;3;0;0;0;0;3;4;0;50;60;20;10;0;0;0;0;3;4;0;50;60;20;10;0;0;0;0;2;1;0;7;8;6;5;0;0;0;0;0;0;0;0;0;0;0;0;0;0;0;0;0;0;0;0;0;0;0;4;0;0;0;0;4;2;0;7;6;8;9;0;0;0;0;0;0;0;0;0;0;0;0;0;0;0;0;0;0;0;0;0;0;0;0;0;0;0;0;0;0;0;0;0;0;0;0;0;0;0;0;0;0;0;0
2026-01-09 16:13:00;1;2;18;909;0;0;0;0;0;0;0;0;0;0.10200000000000001;0.105;0.108;0.11;0.114;0.117;0;0;0;0;0;0;4.026317022173599e-37;0;0;0;0;0;0;500;700.3333435058594;950;1180;850;440;1250;450;595;840;795;750;800;800;800;0;3;0;0;0;0;3;4;0;50;60;20;10;0;0;0;0;3;4;0;50;60;20;10;0;0;0;0;2;1;0;7;8;6;5;0;0;0;0;0;0;0;0;0;0;0;0;0;0;0;0;0;0;0;0;0;0;0;4;0;0;0;0;4;2;0;7;6;8;9;0;0;0;0;0;0;0;0;0;0;0;0;0;0;0;0;0;0;0;0;0;0;0;0;0;0;0;0;0;0;0;0;0;0;0;0;0;0;0;0;0;0;0;0
2026-01-09 16:14:00;1;2;18;909;0;0;0;0;0;0;0;0;0;0.10200000000000001;0.105;0.108;0.11;0.114;0.117;0;0;0;0;0;0;4.026317022173599e-37;0;0;0;0;0;0;500;700.3333435058594;950;1180;850;440;1250;450;595;840;795;750;800;800;800;0;3;0;0;0;0;3;4;0;50;60;20;10;0;0;0;0;3;4;0;50;60;20;10;0;0;0;0;2;1;0;7;8;6;5;0;0;0;0;0;0;0;0;0;0;0;0;0;0;0;0;0;0;0;0;0;0;0;4;0;0;0;0;4;2;0;7;6;8;9;0;0;0;0;0;0;0;0;0;0;0;0;0;0;0;0;0;0;0;0;0;0;0;0;0;0;0;0;0;0;0;0;0;0;0;0;0;0;0;0;0;0;0;0
2026-01-09 16:15:00;1;2;18;909;0;0;0;0;0;0;0;0;0;0.10200000000000001;0.105;0.108;0.11;0.114;0.117;0;0;0;0;0;0;4.026317022173599e-37;0;0;0;0;0;0;500;700.3333435058594;950;1180;850;440;1250;450;595;840;795;750;800;800;800;0;3;0;0;0;0;3;4;0;50;60;20;10;0;0;0;0;3;4;0;50;60;20;10;0;0;0;0;2;1;0;7;8;6;5;0;0;0;0;0;0;0;0;0;0;0;0;0;0;0;0;0;0;0;0;0;0;0;4;0;0;0;0;4;2;0;7;6;8;9;0;0;0;0;0;0;0;0;0;0;0;0;0;0;0;0;0;0;0;0;0;0;0;0;0;0;0;0;0;0;0;0;0;0;0;0;0;0;0;0;0;0;0;0
2026-01-09 16:16:00;1;2;18;909;0;0;0;0;0;0;0;0;0;0.10200000000000001;0.105;0.108;0.11;0.114;0.117;0;0;0;0;0;0;4.026317022173599e-37;0;0;0;0;0;0;500;700.3333435058594;950;1180;850;440;1250;450;595;840;795;750;800;800;800;0;3;0;0;0;0;3;4;0;50;60;20;10;0;0;0;0;3;4;0;50;60;20;10;0;0;0;0;2;1;0;7;8;6;5;0;0;0;0;0;0;0;0;0;0;0;0;0;0;0;0;0;0;0;0;0;0;0;4;0;0;0;0;4;2;0;7;6;8;9;0;0;0;0;0;0;0;0;0;0;0;0;0;0;0;0;0;0;0;0;0;0;0;0;0;0;0;0;0;0;0;0;0;0;0;0;0;0;0;0;0;0;0;0
2026-01-09 16:17:00;1;2;18;909;0;0;0;0;0;0;0;0;0;0.10200000000000001;0.105;0.108;0.11;0.114;0.117;0;0;0;0;0;0;4.026317022173599e-37;0;0;0;0;0;0;500;700.3333435058594;950;1180;850;440;1250;450;595;840;795;750;800;800;800;0;3;0;0;0;0;3;4;0;50;60;20;10;0;0;0;0;3;4;0;50;60;20;10;0;0;0;0;2;1;0;7;8;6;5;0;0;0;0;0;0;0;0;0;0;0;0;0;0;0;0;0;0;0;0;0;0;0;4;0;0;0;0;4;2;0;7;6;8;9;0;0;0;0;0;0;0;0;0;0;0;0;0;0;0;0;0;0;0;0;0;0;0;0;0;0;0;0;0;0;0;0;0;0;0;0;0;0;0;0;0;0;0;0
2026-01-09 16:18:00;1;2;18;909;0;0;0;0;0;0;0;0;0;0.10200000000000001;0.105;0.108;0.11;0.114;0.117;0;0;0;0;0;0;4.026317022173599e-37;0;0;0;0;0;0;500;700.3333435058594;950;1180;850;440;1250;450;595;840;795;750;800;800;800;0;3;0;0;0;0;3;4;0;50;60;20;10;0;0;0;0;3;4;0;50;60;20;10;0;0;0;0;2;1;0;7;8;6;5;0;0;0;0;0;0;0;0;0;0;0;0;0;0;0;0;0;0;0;0;0;0;0;4;0;0;0;0;4;2;0;7;6;8;9;0;0;0;0;0;0;0;0;0;0;0;0;0;0;0;0;0;0;0;0;0;0;0;0;0;0;0;0;0;0;0;0;0;0;0;0;0;0;0;0;0;0;0;0
2026-01-09 16:19:00;1;2;18;909;0;0;0;0;0;0;0;0;0;0.10200000000000001;0.105;0.108;0.11;0.114;0.117;0;0;0;0;0;0;4.026317022173599e-37;0;0;0;0;0;0;500;700.3333435058594;950;1180;850;440;1250;450;595;840;795;750;800;800;800;0;3;0;0;0;0;3;4;0;50;60;20;10;0;0;0;0;3;4;0;50;60;20;10;0;0;0;0;2;1;0;7;8;6;5;0;0;0;0;0;0;0;0;0;0;0;0;0;0;0;0;0;0;0;0;0;0;0;4;0;0;0;0;4;2;0;7;6;8;9;0;0;0;0;0;0;0;0;0;0;0;0;0;0;0;0;0;0;0;0;0;0;0;0;0;0;0;0;0;0;0;0;0;0;0;0;0;0;0;0;0;0;0;0
2026-01-09 16:20:00;1;2;18;909;0;0;0;0;0;0;0;0;0;0.10200000000000001;0.105;0.108;0.11;0.114;0.117;0;0;0;0;0;0;4.026317022173599e-37;0;0;0;0;0;0;500;700.3333435058594;950;1180;850;440;1250;450;595;840;795;750;800;800;800;0;3;0;0;0;0;3;4;0;50;60;20;10;0;0;0;0;3;4;0;50;60;20;10;0;0;0;0;2;1;0;7;8;6;5;0;0;0;0;0;0;0;0;0;0;0;0;0;0;0;0;0;0;0;0;0;0;0;4;0;0;0;0;4;2;0;7;6;8;9;0;0;0;0;0;0;0;0;0;0;0;0;0;0;0;0;0;0;0;0;0;0;0;0;0;0;0;0;0;0;0;0;0;0;0;0;0;0;0;0;0;0;0;0
2026-01-09 16:21:00;1;2;18;909;0;0;0;0;0;0;0;0;0;0.10200000000000001;0.105;0.108;0.11;0.114;0.117;0;0;0;0;0;0;4.026317022173599e-37;0;0;0;0;0;0;500;700.3333435058594;950;1180;850;440;1250;450;595;840;795;750;800;800;800;0;3;0;0;0;0;3;4;0;50;60;20;10;0;0;0;0;3;4;0;50;60;20;10;0;0;0;0;2;1;0;7;8;6;5;0;0;0;0;0;0;0;0;0;0;0;0;0;0;0;0;0;0;0;0;0;0;0;4;0;0;0;0;4;2;0;7;6;8;9;0;0;0;0;0;0;0;0;0;0;0;0;0;0;0;0;0;0;0;0;0;0;0;0;0;0;0;0;0;0;0;0;0;0;0;0;0;0;0;0;0;0;0;0
2026-01-09 16:22:00;1;2;18;909;0;0;0;0;0;0;0;0;0;0.10200000000000001;0.105;0.108;0.11;0.114;0.117;0;0;0;0;0;0;4.026317022173599e-37;0;0;0;0;0;0;500;700.3333435058594;950;1180;850;440;1250;450;595;840;795;750;800;800;800;0;3;0;0;0;0;3;4;0;50;60;20;10;0;0;0;0;3;4;0;50;60;20;10;0;0;0;0;2;1;0;7;8;6;5;0;0;0;0;0;0;0;0;0;0;0;0;0;0;0;0;0;0;0;0;0;0;0;4;0;0;0;0;4;2;0;7;6;8;9;0;0;0;0;0;0;0;0;0;0;0;0;0;0;0;0;0;0;0;0;0;0;0;0;0;0;0;0;0;0;0;0;0;0;0;0;0;0;0;0;0;0;0;0
2026-01-09 16:23:00;1;2;18;909;0;0;0;0;0;0;0;0;0;0.10200000000000001;0.105;0.108;0.11;0.114;0.117;0;0;0;0;0;0;4.026317022173599e-37;0;0;0;0;0;0;500;700.3333435058594;950;1180;850;440;1250;450;595;840;795;750;800;800;800;0;3;0;0;0;0;3;4;0;50;60;20;10;0;0;0;0;3;4;0;50;60;20;10;0;0;0;0;2;1;0;7;8;6;5;0;0;0;0;0;0;0;0;0;0;0;0;0;0;0;0;0;0;0;0;0;0;0;4;0;0;0;0;4;2;0;7;6;8;9;0;0;0;0;0;0;0;0;0;0;0;0;0;0;0;0;0;0;0;0;0;0;0;0;0;0;0;0;0;0;0;0;0;0;0;0;0;0;0;0;0;0;0;0
2026-01-09 16:24:00;1;2;18;909;0;0;0;0;0;0;0;0;0;0.10200000000000001;0.105;0.108;0.11;0.114;0.117;0;0;0;0;0;0;4.026317022173599e-37;0;0;0;0;0;0;500;700.3333435058594;950;1180;850;440;1250;450;595;840;795;750;800;800;800;0;3;0;0;0;0;3;4;0;50;60;20;10;0;0;0;0;3;4;0;50;60;20;10;0;0;0;0;2;1;0;7;8;6;5;0;0;0;0;0;0;0;0;0;0;0;0;0;0;0;0;0;0;0;0;0;0;0;4;0;0;0;0;4;2;0;7;6;8;9;0;0;0;0;0;0;0;0;0;0;0;0;0;0;0;0;0;0;0;0;0;0;0;0;0;0;0;0;0;0;0;0;0;0;0;0;0;0;0;0;0;0;0;0
2026-01-09 16:25:00;1;2;18;909;0;0;0;0;0;0;0;0;0;0.10200000000000001;0.105;0.108;0.11;0.114;0.117;0;0;0;0;0;0;4.026317022173599e-37;0;0;0;0;0;0;500;700.3333435058594;950;1180;850;440;1250;450;595;840;795;750;800;800;800;0;3;0;0;0;0;3;4;0;50;60;20;10;0;0;0;0;3;4;0;50;60;20;10;0;0;0;0;2;1;0;7;8;6;5;0;0;0;0;0;0;0;0;0;0;0;0;0;0;0;0;0;0;0;0;0;0;0;4;0;0;0;0;4;2;0;7;6;8;9;0;0;0;0;0;0;0;0;0;0;0;0;0;0;0;0;0;0;0;0;0;0;0;0;0;0;0;0;0;0;0;0;0;0;0;0;0;0;0;0;0;0;0;0
2026-01-09 16:26:00;1;2;18;909;0;0;0;0;0;0;0;0;0;0.10200000000000001;0.105;0.108;0.11;0.114;0.117;0;0;0;0;0;0;4.026317022173599e-37;0;0;0;0;0;0;500;700.3333435058594;950;1180;850;440;1250;450;595;840;795;750;800;800;800;0;3;0;0;0;0;3;4;0;50;60;20;10;0;0;0;0;3;4;0;50;60;20;10;0;0;0;0;2;1;0;7;8;6;5;0;0;0;0;0;0;0;0;0;0;0;0;0;0;0;0;0;0;0;0;0;0;0;4;0;0;0;0;4;2;0;7;6;8;9;0;0;0;0;0;0;0;0;0;0;0;0;0;0;0;0;0;0;0;0;0;0;0;0;0;0;0;0;0;0;0;0;0;0;0;0;0;0;0;0;0;0;0;0
2026-01-09 16:27:00;1;2;18;909;0;0;0;0;0;0;0;0;0;0.10200000000000001;0.105;0.108;0.11;0.114;0.117;0;0;0;0;0;0;4.026317022173599e-37;0;0;0;0;0;0;500;700.3333435058594;950;1180;850;440;1250;450;595;840;795;750;800;800;800;0;3;0;0;0;0;3;4;0;50;60;20;10;0;0;0;0;3;4;0;50;60;20;10;0;0;0;0;2;1;0;7;8;6;5;0;0;0;0;0;0;0;0;0;0;0;0;0;0;0;0;0;0;0;0;0;0;0;4;0;0;0;0;4;2;0;7;6;8;9;0;0;0;0;0;0;0;0;0;0;0;0;0;0;0;0;0;0;0;0;0;0;0;0;0;0;0;0;0;0;0;0;0;0;0;0;0;0;0;0;0;0;0;0
2026-01-09 16:28:00;1;2;18;909;0;0;0;0;0;0;0;0;0;0.10200000000000001;0.105;0.108;0.11;0.114;0.117;0;0;0;0;0;0;4.026317022173599e-37;0;0;0;0;0;0;500;700.3333435058594;950;1180;850;440;1250;450;595;840;795;750;800;800;800;0;3;0;0;0;0;3;4;0;50;60;20;10;0;0;0;0;3;4;0;50;60;20;10;0;0;0;0;2;1;0;7;8;6;5;0;0;0;0;0;0;0;0;0;0;0;0;0;0;0;0;0;0;0;0;0;0;0;4;0;0;0;0;4;2;0;7;6;8;9;0;0;0;0;0;0;0;0;0;0;0;0;0;0;0;0;0;0;0;0;0;0;0;0;0;0;0;0;0;0;0;0;0;0;0;0;0;0;0;0;0;0;0;0
2026-01-09 16:29:00;1;2;18;909;0;0;0;0;0;0;0;0;0;0.10200000000000001;0.105;0.108;0.11;0.114;0.117;0;0;0;0;0;0;4.026317022173599e-37;0;0;0;0;0;0;500;700.3333435058594;950;1180;850;440;1250;450;595;840;795;750;800;800;800;0;3;0;0;0;0;3;4;0;50;60;20;10;0;0;0;0;3;4;0;50;60;20;10;0;0;0;0;2;1;0;7;8;6;5;0;0;0;0;0;0;0;0;0;0;0;0;0;0;0;0;0;0;0;0;0;0;0;4;0;0;0;0;4;2;0;7;6;8;9;0;0;0;0;0;0;0;0;0;0;0;0;0;0;0;0;0;0;0;0;0;0;0;0;0;0;0;0;0;0;0;0;0;0;0;0;0;0;0;0;0;0;0;0
2026-01-09 16:30:00;1;2;18;909;0;0;0;0;0;0;0;0;0;0.10200000000000001;0.105;0.108;0.11;0.114;0.117;0;0;0;0;0;0;4.026317022173599e-37;0;0;0;0;0;0;500;700.3333435058594;950;1180;850;440;1250;450;595;840;795;750;800;800;800;0;3;0;0;0;0;3;4;0;50;60;20;10;0;0;0;0;3;4;0;50;60;20;10;0;0;0;0;2;1;0;7;8;6;5;0;0;0;0;0;0;0;0;0;0;0;0;0;0;0;0;0;0;0;0;0;0;0;4;0;0;0;0;4;2;0;7;6;8;9;0;0;0;0;0;0;0;0;0;0;0;0;0;0;0;0;0;0;0;0;0;0;0;0;0;0;0;0;0;0;0;0;0;0;0;0;0;0;0;0;0;0;0;0
2026-01-09 16:31:00;1;2;18;909;0;0;0;0;0;0;0;0;0;0.10200000000000001;0.105;0.108;0.11;0.114;0.117;0;0;0;0;0;0;4.026317022173599e-37;0;0;0;0;0;0;500;700.3333435058594;950;1180;850;440;1250;450;595;840;795;750;800;800;800;0;3;0;0;0;0;3;4;0;50;60;20;10;0;0;0;0;3;4;0;50;60;20;10;0;0;0;0;2;1;0;7;8;6;5;0;0;0;0;0;0;0;0;0;0;0;0;0;0;0;0;0;0;0;0;0;0;0;4;0;0;0;0;4;2;0;7;6;8;9;0;0;0;0;0;0;0;0;0;0;0;0;0;0;0;0;0;0;0;0;0;0;0;0;0;0;0;0;0;0;0;0;0;0;0;0;0;0;0;0;0;0;0;0
2026-01-09 16:32:00;1;2;18;909;0;0;0;0;0;0;0;0;0;0.10200000000000001;0.105;0.108;0.11;0.114;0.117;0;0;0;0;0;0;4.026317022173599e-37;0;0;0;0;0;0;500;700.3333435058594;950;1180;850;440;1250;450;595;840;795;750;800;800;800;0;3;0;0;0;0;3;4;0;50;60;20;10;0;0;0;0;3;4;0;50;60;20;10;0;0;0;0;2;1;0;7;8;6;5;0;0;0;0;0;0;0;0;0;0;0;0;0;0;0;0;0;0;0;0;0;0;0;4;0;0;0;0;4;2;0;7;6;8;9;0;0;0;0;0;0;0;0;0;0;0;0;0;0;0;0;0;0;0;0;0;0;0;0;0;0;0;0;0;0;0;0;0;0;0;0;0;0;0;0;0;0;0;0
2026-01-09 16:33:00;1;2;18;909;0;0;0;0;0;0;0;0;0;0.10200000000000001;0.105;0.108;0.11;0.114;0.117;0;0;0;0;0;0;4.026317022173599e-37;0;0;0;0;0;0;500;700.3333435058594;950;1180;850;440;1250;450;595;840;795;750;800;800;800;0;3;0;0;0;0;3;4;0;50;60;20;10;0;0;0;0;3;4;0;50;60;20;10;0;0;0;0;2;1;0;7;8;6;5;0;0;0;0;0;0;0;0;0;0;0;0;0;0;0;0;0;0;0;0;0;0;0;4;0;0;0;0;4;2;0;7;6;8;9;0;0;0;0;0;0;0;0;0;0;0;0;0;0;0;0;0;0;0;0;0;0;0;0;0;0;0;0;0;0;0;0;0;0;0;0;0;0;0;0;0;0;0;0
2026-01-09 16:34:00;1;2;18;909;0;0;0;0;0;0;0;0;0;0.10200000000000001;0.105;0.108;0.11;0.114;0.117;0;0;0;0;0;0;4.026317022173599e-37;0;0;0;0;0;0;500;700.3333435058594;950;1180;850;440;1250;450;595;840;795;750;800;800;800;0;3;0;0;0;0;3;4;0;50;60;20;10;0;0;0;0;3;4;0;50;60;20;10;0;0;0;0;2;1;0;7;8;6;5;0;0;0;0;0;0;0;0;0;0;0;0;0;0;0;0;0;0;0;0;0;0;0;4;0;0;0;0;4;2;0;7;6;8;9;0;0;0;0;0;0;0;0;0;0;0;0;0;0;0;0;0;0;0;0;0;0;0;0;0;0;0;0;0;0;0;0;0;0;0;0;0;0;0;0;0;0;0;0
2026-01-09 16:35:00;1;2;18;909;0;0;0;0;0;0;0;0;0;0.10200000000000001;0.105;0.108;0.11;0.114;0.117;0;0;0;0;0;0;4.026317022173599e-37;0;0;0;0;0;0;500;700.3333435058594;950;1180;850;440;1250;450;595;840;795;750;800;800;800;0;3;0;0;0;0;3;4;0;50;60;20;10;0;0;0;0;3;4;0;50;60;20;10;0;0;0;0;2;1;0;7;8;6;5;0;0;0;0;0;0;0;0;0;0;0;0;0;0;0;0;0;0;0;0;0;0;0;4;0;0;0;0;4;2;0;7;6;8;9;0;0;0;0;0;0;0;0;0;0;0;0;0;0;0;0;0;0;0;0;0;0;0;0;0;0;0;0;0;0;0;0;0;0;0;0;0;0;0;0;0;0;0;0
2026-01-09 16:36:00;1;2;18;909;0;0;0;0;0;0;0;0;0;0.10200000000000001;0.105;0.108;0.11;0.114;0.117;0;0;0;0;0;0;4.026317022173599e-37;0;0;0;0;0;0;500;700.3333435058594;950;1180;850;440;1250;450;595;840;795;750;800;800;800;0;3;0;0;0;0;3;4;0;50;60;20;10;0;0;0;0;3;4;0;50;60;20;10;0;0;0;0;2;1;0;7;8;6;5;0;0;0;0;0;0;0;0;0;0;0;0;0;0;0;0;0;0;0;0;0;0;0;4;0;0;0;0;4;2;0;7;6;8;9;0;0;0;0;0;0;0;0;0;0;0;0;0;0;0;0;0;0;0;0;0;0;0;0;0;0;0;0;0;0;0;0;0;0;0;0;0;0;0;0;0;0;0;0
2026-01-09 16:37:00;1;2;18;909;0;0;0;0;0;0;0;0;0;0.10200000000000001;0.105;0.108;0.11;0.114;0.117;0;0;0;0;0;0;4.026317022173599e-37;0;0;0;0;0;0;500;700.3333435058594;950;1180;850;440;1250;450;595;840;795;750;800;800;800;0;3;0;0;0;0;3;4;0;50;60;20;10;0;0;0;0;3;4;0;50;60;20;10;0;0;0;0;2;1;0;7;8;6;5;0;0;0;0;0;0;0;0;0;0;0;0;0;0;0;0;0;0;0;0;0;0;0;4;0;0;0;0;4;2;0;7;6;8;9;0;0;0;0;0;0;0;0;0;0;0;0;0;0;0;0;0;0;0;0;0;0;0;0;0;0;0;0;0;0;0;0;0;0;0;0;0;0;0;0;0;0;0;0
2026-01-09 16:38:00;1;2;18;909;0;0;0;0;0;0;0;0;0;0.10200000000000001;0.105;0.108;0.11;0.114;0.117;0;0;0;0;0;0;4.026317022173599e-37;0;0;0;0;0;0;500;700.3333435058594;950;1180;850;440;1250;450;595;840;795;750;800;800;800;0;3;0;0;0;0;3;4;0;50;60;20;10;0;0;0;0;3;4;0;50;60;20;10;0;0;0;0;2;1;0;7;8;6;5;0;0;0;0;0;0;0;0;0;0;0;0;0;0;0;0;0;0;0;0;0;0;0;4;0;0;0;0;4;2;0;7;6;8;9;0;0;0;0;0;0;0;0;0;0;0;0;0;0;0;0;0;0;0;0;0;0;0;0;0;0;0;0;0;0;0;0;0;0;0;0;0;0;0;0;0;0;0;0
2026-01-09 16:39:00;1;2;18;909;0;0;0;0;0;0;0;0;0;0.10200000000000001;0.105;0.108;0.11;0.114;0.117;0;0;0;0;0;0;4.026317022173599e-37;0;0;0;0;0;0;500;700.3333435058594;950;1180;850;440;1250;450;595;840;795;750;800;800;800;0;3;0;0;0;0;3;4;0;50;60;20;10;0;0;0;0;3;4;0;50;60;20;10;0;0;0;0;2;1;0;7;8;6;5;0;0;0;0;0;0;0;0;0;0;0;0;0;0;0;0;0;0;0;0;0;0;0;4;0;0;0;0;4;2;0;7;6;8;9;0;0;0;0;0;0;0;0;0;0;0;0;0;0;0;0;0;0;0;0;0;0;0;0;0;0;0;0;0;0;0;0;0;0;0;0;0;0;0;0;0;0;0;0
2026-01-09 16:40:00;1;2;18;909;0;0;0;0;0;0;0;0;0;0.10200000000000001;0.105;0.108;0.11;0.114;0.117;0;0;0;0;0;0;4.026317022173599e-37;0;0;0;0;0;0;500;700.3333435058594;950;1180;850;440;1250;450;595;840;795;750;800;800;800;0;3;0;0;0;0;3;4;0;50;60;20;10;0;0;0;0;3;4;0;50;60;20;10;0;0;0;0;2;1;0;7;8;6;5;0;0;0;0;0;0;0;0;0;0;0;0;0;0;0;0;0;0;0;0;0;0;0;4;0;0;0;0;4;2;0;7;6;8;9;0;0;0;0;0;0;0;0;0;0;0;0;0;0;0;0;0;0;0;0;0;0;0;0;0;0;0;0;0;0;0;0;0;0;0;0;0;0;0;0;0;0;0;0
2026-01-09 16:41:00;1;2;18;909;0;0;0;0;0;0;0;0;0;0.10200000000000001;0.105;0.108;0.11;0.114;0.117;0;0;0;0;0;0;4.026317022173599e-37;0;0;0;0;0;0;500;700.3333435058594;950;1180;850;440;1250;450;595;840;795;750;800;800;800;0;3;0;0;0;0;3;4;0;50;60;20;10;0;0;0;0;3;4;0;50;60;20;10;0;0;0;0;2;1;0;7;8;6;5;0;0;0;0;0;0;0;0;0;0;0;0;0;0;0;0;0;0;0;0;0;0;0;4;0;0;0;0;4;2;0;7;6;8;9;0;0;0;0;0;0;0;0;0;0;0;0;0;0;0;0;0;0;0;0;0;0;0;0;0;0;0;0;0;0;0;0;0;0;0;0;0;0;0;0;0;0;0;0
2026-01-09 16:42:00;1;2;18;909;0;0;0;0;0;0;0;0;0;0.10200000000000001;0.105;0.108;0.11;0.114;0.117;0;0;0;0;0;0;4.026317022173599e-37;0;0;0;0;0;0;500;700.3333435058594;950;1180;850;440;1250;450;595;840;795;750;800;800;800;0;3;0;0;0;0;3;4;0;50;60;20;10;0;0;0;0;3;4;0;50;60;20;10;0;0;0;0;2;1;0;7;8;6;5;0;0;0;0;0;0;0;0;0;0;0;0;0;0;0;0;0;0;0;0;0;0;0;4;0;0;0;0;4;2;0;7;6;8;9;0;0;0;0;0;0;0;0;0;0;0;0;0;0;0;0;0;0;0;0;0;0;0;0;0;0;0;0;0;0;0;0;0;0;0;0;0;0;0;0;0;0;0;0
2026-01-09 16:43:00;1;2;18;909;0;0;0;0;0;0;0;0;0;0.10200000000000001;0.105;0.108;0.11;0.114;0.117;0;0;0;0;0;0;4.026317022173599e-37;0;0;0;0;0;0;500;700.3333435058594;950;1180;850;440;1250;450;595;840;795;750;800;800;800;0;3;0;0;0;0;3;4;0;50;60;20;10;0;0;0;0;3;4;0;50;60;20;10;0;0;0;0;2;1;0;7;8;6;5;0;0;0;0;0;0;0;0;0;0;0;0;0;0;0;0;0;0;0;0;0;0;0;4;0;0;0;0;4;2;0;7;6;8;9;0;0;0;0;0;0;0;0;0;0;0;0;0;0;0;0;0;0;0;0;0;0;0;0;0;0;0;0;0;0;0;0;0;0;0;0;0;0;0;0;0;0;0;0
2026-01-09 16:44:00;1;2;18;909;0;0;0;0;0;0;0;0;0;0.10200000000000001;0.105;0.108;0.11;0.114;0.117;0;0;0;0;0;0;4.026317022173599e-37;0;0;0;0;0;0;500;700.3333435058594;950;1180;850;440;1250;450;595;840;795;750;800;800;800;0;3;0;0;0;0;3;4;0;50;60;20;10;0;0;0;0;3;4;0;50;60;20;10;0;0;0;0;2;1;0;7;8;6;5;0;0;0;0;0;0;0;0;0;0;0;0;0;0;0;0;0;0;0;0;0;0;0;4;0;0;0;0;4;2;0;7;6;8;9;0;0;0;0;0;0;0;0;0;0;0;0;0;0;0;0;0;0;0;0;0;0;0;0;0;0;0;0;0;0;0;0;0;0;0;0;0;0;0;0;0;0;0;0
2026-01-09 16:45:00;1;2;18;909;0;0;0;0;0;0;0;0;0;0.10200000000000001;0.105;0.108;0.11;0.114;0.117;0;0;0;0;0;0;4.026317022173599e-37;0;0;0;0;0;0;500;700.3333435058594;950;1180;850;440;1250;450;595;840;795;750;800;800;800;0;3;0;0;0;0;3;4;0;50;60;20;10;0;0;0;0;3;4;0;50;60;20;10;0;0;0;0;2;1;0;7;8;6;5;0;0;0;0;0;0;0;0;0;0;0;0;0;0;0;0;0;0;0;0;0;0;0;4;0;0;0;0;4;2;0;7;6;8;9;0;0;0;0;0;0;0;0;0;0;0;0;0;0;0;0;0;0;0;0;0;0;0;0;0;0;0;0;0;0;0;0;0;0;0;0;0;0;0;0;0;0;0;0
2026-01-09 16:46:00;1;2;18;909;0;0;0;0;0;0;0;0;0;0.10200000000000001;0.105;0.108;0.11;0.114;0.117;0;0;0;0;0;0;4.026317022173599e-37;0;0;0;0;0;0;500;700.3333435058594;950;1180;850;440;1250;450;595;840;795;750;800;800;800;0;3;0;0;0;0;3;4;0;50;60;20;10;0;0;0;0;3;4;0;50;60;20;10;0;0;0;0;2;1;0;7;8;6;5;0;0;0;0;0;0;0;0;0;0;0;0;0;0;0;0;0;0;0;0;0;0;0;4;0;0;0;0;4;2;0;7;6;8;9;0;0;0;0;0;0;0;0;0;0;0;0;0;0;0;0;0;0;0;0;0;0;0;0;0;0;0;0;0;0;0;0;0;0;0;0;0;0;0;0;0;0;0;0
2026-01-09 16:47:00;1;2;18;909;0;0;0;0;0;0;0;0;0;0.10200000000000001;0.105;0.108;0.11;0.114;0.117;0;0;0;0;0;0;4.026317022173599e-37;0;0;0;0;0;0;500;700.3333435058594;950;1180;850;440;1250;450;595;840;795;750;800;800;800;0;3;0;0;0;0;3;4;0;50;60;20;10;0;0;0;0;3;4;0;50;60;20;10;0;0;0;0;2;1;0;7;8;6;5;0;0;0;0;0;0;0;0;0;0;0;0;0;0;0;0;0;0;0;0;0;0;0;4;0;0;0;0;4;2;0;7;6;8;9;0;0;0;0;0;0;0;0;0;0;0;0;0;0;0;0;0;0;0;0;0;0;0;0;0;0;0;0;0;0;0;0;0;0;0;0;0;0;0;0;0;0;0;0
2026-01-09 16:48:00;1;2;18;909;0;0;0;0;0;0;0;0;0;0.10200000000000001;0.105;0.108;0.11;0.114;0.117;0;0;0;0;0;0;4.026317022173599e-37;0;0;0;0;0;0;500;700.3333435058594;950;1180;850;440;1250;450;595;840;795;750;800;800;800;0;3;0;0;0;0;3;4;0;50;60;20;10;0;0;0;0;3;4;0;50;60;20;10;0;0;0;0;2;1;0;7;8;6;5;0;0;0;0;0;0;0;0;0;0;0;0;0;0;0;0;0;0;0;0;0;0;0;4;0;0;0;0;4;2;0;7;6;8;9;0;0;0;0;0;0;0;0;0;0;0;0;0;0;0;0;0;0;0;0;0;0;0;0;0;0;0;0;0;0;0;0;0;0;0;0;0;0;0;0;0;0;0;0
2026-01-09 16:49:00;1;2;18;909;0;0;0;0;0;0;0;0;0;0.10200000000000001;0.105;0.108;0.11;0.114;0.117;0;0;0;0;0;0;4.026317022173599e-37;0;0;0;0;0;0;500;700.3333435058594;950;1180;850;440;1250;450;595;840;795;750;800;800;800;0;3;0;0;0;0;3;4;0;50;60;20;10;0;0;0;0;3;4;0;50;60;20;10;0;0;0;0;2;1;0;7;8;6;5;0;0;0;0;0;0;0;0;0;0;0;0;0;0;0;0;0;0;0;0;0;0;0;4;0;0;0;0;4;2;0;7;6;8;9;0;0;0;0;0;0;0;0;0;0;0;0;0;0;0;0;0;0;0;0;0;0;0;0;0;0;0;0;0;0;0;0;0;0;0;0;0;0;0;0;0;0;0;0
2026-01-09 16:50:00;1;2;18;909;0;0;0;0;0;0;0;0;0;0.10200000000000001;0.105;0.108;0.11;0.114;0.117;0;0;0;0;0;0;4.026317022173599e-37;0;0;0;0;0;0;500;700.3333435058594;950;1180;850;440;1250;450;595;840;795;750;800;800;800;0;3;0;0;0;0;3;4;0;50;60;20;10;0;0;0;0;3;4;0;50;60;20;10;0;0;0;0;2;1;0;7;8;6;5;0;0;0;0;0;0;0;0;0;0;0;0;0;0;0;0;0;0;0;0;0;0;0;4;0;0;0;0;4;2;0;7;6;8;9;0;0;0;0;0;0;0;0;0;0;0;0;0;0;0;0;0;0;0;0;0;0;0;0;0;0;0;0;0;0;0;0;0;0;0;0;0;0;0;0;0;0;0;0
2026-01-09 16:51:00;1;2;18;909;0;0;0;0;0;0;0;0;0;0.10200000000000001;0.105;0.108;0.11;0.114;0.117;0;0;0;0;0;0;4.026317022173599e-37;0;0;0;0;0;0;500;700.3333435058594;950;1180;850;440;1250;450;595;840;795;750;800;800;800;0;3;0;0;0;0;3;4;0;50;60;20;10;0;0;0;0;3;4;0;50;60;20;10;0;0;0;0;2;1;0;7;8;6;5;0;0;0;0;0;0;0;0;0;0;0;0;0;0;0;0;0;0;0;0;0;0;0;4;0;0;0;0;4;2;0;7;6;8;9;0;0;0;0;0;0;0;0;0;0;0;0;0;0;0;0;0;0;0;0;0;0;0;0;0;0;0;0;0;0;0;0;0;0;0;0;0;0;0;0;0;0;0;0
2026-01-09 16:52:00;1;2;18;909;0;0;0;0;0;0;0;0;0;0.10200000000000001;0.105;0.108;0.11;0.114;0.117;0;0;0;0;0;0;4.026317022173599e-37;0;0;0;0;0;0;500;700.3333435058594;950;1180;850;440;1250;450;595;840;795;750;800;800;800;0;3;0;0;0;0;3;4;0;50;60;20;10;0;0;0;0;3;4;0;50;60;20;10;0;0;0;0;2;1;0;7;8;6;5;0;0;0;0;0;0;0;0;0;0;0;0;0;0;0;0;0;0;0;0;0;0;0;4;0;0;0;0;4;2;0;7;6;8;9;0;0;0;0;0;0;0;0;0;0;0;0;0;0;0;0;0;0;0;0;0;0;0;0;0;0;0;0;0;0;0;0;0;0;0;0;0;0;0;0;0;0;0;0
2026-01-09 16:53:00;1;2;18;909;0;0;0;0;0;0;0;0;0;0.10200000000000001;0.105;0.108;0.11;0.114;0.117;0;0;0;0;0;0;4.026317022173599e-37;0;0;0;0;0;0;500;700.3333435058594;950;1180;850;440;1250;450;595;840;795;750;800;800;800;0;3;0;0;0;0;3;4;0;50;60;20;10;0;0;0;0;3;4;0;50;60;20;10;0;0;0;0;2;1;0;7;8;6;5;0;0;0;0;0;0;0;0;0;0;0;0;0;0;0;0;0;0;0;0;0;0;0;4;0;0;0;0;4;2;0;7;6;8;9;0;0;0;0;0;0;0;0;0;0;0;0;0;0;0;0;0;0;0;0;0;0;0;0;0;0;0;0;0;0;0;0;0;0;0;0;0;0;0;0;0;0;0;0
2026-01-09 16:54:00;1;2;18;909;0;0;0;0;0;0;0;0;0;0.10200000000000001;0.105;0.108;0.11;0.114;0.117;0;0;0;0;0;0;4.026317022173599e-37;0;0;0;0;0;0;500;700.3333435058594;950;1180;850;440;1250;450;595;840;795;750;800;800;800;0;3;0;0;0;0;3;4;0;50;60;20;10;0;0;0;0;3;4;0;50;60;20;10;0;0;0;0;2;1;0;7;8;6;5;0;0;0;0;0;0;0;0;0;0;0;0;0;0;0;0;0;0;0;0;0;0;0;4;0;0;0;0;4;2;0;7;6;8;9;0;0;0;0;0;0;0;0;0;0;0;0;0;0;0;0;0;0;0;0;0;0;0;0;0;0;0;0;0;0;0;0;0;0;0;0;0;0;0;0;0;0;0;0
2026-01-09 16:55:00;1;2;18;909;0;0;0;0;0;0;0;0;0;0.10200000000000001;0.105;0.108;0.11;0.114;0.117;0;0;0;0;0;0;4.026317022173599e-37;0;0;0;0;0;0;500;700.3333435058594;950;1180;850;440;1250;450;595;840;795;750;800;800;800;0;3;0;0;0;0;3;4;0;50;60;20;10;0;0;0;0;3;4;0;50;60;20;10;0;0;0;0;2;1;0;7;8;6;5;0;0;0;0;0;0;0;0;0;0;0;0;0;0;0;0;0;0;0;0;0;0;0;4;0;0;0;0;4;2;0;7;6;8;9;0;0;0;0;0;0;0;0;0;0;0;0;0;0;0;0;0;0;0;0;0;0;0;0;0;0;0;0;0;0;0;0;0;0;0;0;0;0;0;0;0;0;0;0
2026-01-09 16:56:00;1;2;18;909;0;0;0;0;0;0;0;0;0;0.10200000000000001;0.105;0.108;0.11;0.114;0.117;0;0;0;0;0;0;4.026317022173599e-37;0;0;0;0;0;0;500;700.3333435058594;950;1180;850;440;1250;450;595;840;795;750;800;800;800;0;3;0;0;0;0;3;4;0;50;60;20;10;0;0;0;0;3;4;0;50;60;20;10;0;0;0;0;2;1;0;7;8;6;5;0;0;0;0;0;0;0;0;0;0;0;0;0;0;0;0;0;0;0;0;0;0;0;4;0;0;0;0;4;2;0;7;6;8;9;0;0;0;0;0;0;0;0;0;0;0;0;0;0;0;0;0;0;0;0;0;0;0;0;0;0;0;0;0;0;0;0;0;0;0;0;0;0;0;0;0;0;0;0
2026-01-09 16:57:00;1;2;18;909;0;0;0;0;0;0;0;0;0;0.10200000000000001;0.105;0.108;0.11;0.114;0.117;0;0;0;0;0;0;4.026317022173599e-37;0;0;0;0;0;0;500;700.3333435058594;950;1180;850;440;1250;450;595;840;795;750;800;800;800;0;3;0;0;0;0;3;4;0;50;60;20;10;0;0;0;0;3;4;0;50;60;20;10;0;0;0;0;2;1;0;7;8;6;5;0;0;0;0;0;0;0;0;0;0;0;0;0;0;0;0;0;0;0;0;0;0;0;4;0;0;0;0;4;2;0;7;6;8;9;0;0;0;0;0;0;0;0;0;0;0;0;0;0;0;0;0;0;0;0;0;0;0;0;0;0;0;0;0;0;0;0;0;0;0;0;0;0;0;0;0;0;0;0
2026-01-09 16:58:00;1;2;18;909;0;0;0;0;0;0;0;0;0;0.10200000000000001;0.105;0.108;0.11;0.114;0.117;0;0;0;0;0;0;4.026317022173599e-37;0;0;0;0;0;0;500;700.3333435058594;950;1180;850;440;1250;450;595;840;795;750;800;800;800;0;3;0;0;0;0;3;4;0;50;60;20;10;0;0;0;0;3;4;0;50;60;20;10;0;0;0;0;2;1;0;7;8;6;5;0;0;0;0;0;0;0;0;0;0;0;0;0;0;0;0;0;0;0;0;0;0;0;4;0;0;0;0;4;2;0;7;6;8;9;0;0;0;0;0;0;0;0;0;0;0;0;0;0;0;0;0;0;0;0;0;0;0;0;0;0;0;0;0;0;0;0;0;0;0;0;0;0;0;0;0;0;0;0
2026-01-09 16:59:00;1;2;18;909;0;0;0;0;0;0;0;0;0;0.10200000000000001;0.105;0.108;0.11;0.114;0.117;0;0;0;0;0;0;4.026317022173599e-37;0;0;0;0;0;0;500;700.3333435058594;950;1180;850;440;1250;450;595;840;795;750;800;800;800;0;3;0;0;0;0;3;4;0;50;60;20;10;0;0;0;0;3;4;0;50;60;20;10;0;0;0;0;2;1;0;7;8;6;5;0;0;0;0;0;0;0;0;0;0;0;0;0;0;0;0;0;0;0;0;0;0;0;4;0;0;0;0;4;2;0;7;6;8;9;0;0;0;0;0;0;0;0;0;0;0;0;0;0;0;0;0;0;0;0;0;0;0;0;0;0;0;0;0;0;0;0;0;0;0;0;0;0;0;0;0;0;0;0
2026-01-09 17:00:00;1;2;18;909;0;0;0;0;0;0;0;0;0;0.10200000000000001;0.105;0.108;0.11;0.114;0.117;0;0;0;0;0;0;4.026317022173599e-37;0;0;0;0;0;0;500;700.3333435058594;950;1180;850;440;1250;450;595;840;795;750;800;800;800;0;3;0;0;0;0;3;4;0;50;60;20;10;0;0;0;0;3;4;0;50;60;20;10;0;0;0;0;2;1;0;7;8;6;5;0;0;0;0;0;0;0;0;0;0;0;0;0;0;0;0;0;0;0;0;0;0;0;4;0;0;0;0;4;2;0;7;6;8;9;0;0;0;0;0;0;0;0;0;0;0;0;0;0;0;0;0;0;0;0;0;0;0;0;0;0;0;0;0;0;0;0;0;0;0;0;0;0;0;0;0;0;0;0
2026-01-09 17:01:00;1;2;18;909;0;0;0;0;0;0;0;0;0;0.10200000000000001;0.105;0.108;0.11;0.114;0.117;0;0;0;0;0;0;4.026317022173599e-37;0;0;0;0;0;0;500;700.3333435058594;950;1180;850;440;1250;450;595;840;795;750;800;800;800;0;3;0;0;0;0;3;4;0;50;60;20;10;0;0;0;0;3;4;0;50;60;20;10;0;0;0;0;2;1;0;7;8;6;5;0;0;0;0;0;0;0;0;0;0;0;0;0;0;0;0;0;0;0;0;0;0;0;4;0;0;0;0;4;2;0;7;6;8;9;0;0;0;0;0;0;0;0;0;0;0;0;0;0;0;0;0;0;0;0;0;0;0;0;0;0;0;0;0;0;0;0;0;0;0;0;0;0;0;0;0;0;0;0
2026-01-09 17:02:00;1;2;18;909;0;0;0;0;0;0;0;0;0;0.10200000000000001;0.105;0.108;0.11;0.114;0.117;0;0;0;0;0;0;4.026317022173599e-37;0;0;0;0;0;0;500;700.3333435058594;950;1180;850;440;1250;450;595;840;795;750;800;800;800;0;3;0;0;0;0;3;4;0;50;60;20;10;0;0;0;0;3;4;0;50;60;20;10;0;0;0;0;2;1;0;7;8;6;5;0;0;0;0;0;0;0;0;0;0;0;0;0;0;0;0;0;0;0;0;0;0;0;4;0;0;0;0;4;2;0;7;6;8;9;0;0;0;0;0;0;0;0;0;0;0;0;0;0;0;0;0;0;0;0;0;0;0;0;0;0;0;0;0;0;0;0;0;0;0;0;0;0;0;0;0;0;0;0
2026-01-09 17:03:00;1;2;18;909;0;0;0;0;0;0;0;0;0;0.10200000000000001;0.105;0.108;0.11;0.114;0.117;0;0;0;0;0;0;4.026317022173599e-37;0;0;0;0;0;0;500;700.3333435058594;950;1180;850;440;1250;450;595;840;795;750;800;800;800;0;3;0;0;0;0;3;4;0;50;60;20;10;0;0;0;0;3;4;0;50;60;20;10;0;0;0;0;2;1;0;7;8;6;5;0;0;0;0;0;0;0;0;0;0;0;0;0;0;0;0;0;0;0;0;0;0;0;4;0;0;0;0;4;2;0;7;6;8;9;0;0;0;0;0;0;0;0;0;0;0;0;0;0;0;0;0;0;0;0;0;0;0;0;0;0;0;0;0;0;0;0;0;0;0;0;0;0;0;0;0;0;0;0
2026-01-09 17:04:00;1;2;18;909;0;0;0;0;0;0;0;0;0;0.10200000000000001;0.105;0.108;0.11;0.114;0.117;0;0;0;0;0;0;4.026317022173599e-37;0;0;0;0;0;0;500;700.3333435058594;950;1180;850;440;1250;450;595;840;795;750;800;800;800;0;3;0;0;0;0;3;4;0;50;60;20;10;0;0;0;0;3;4;0;50;60;20;10;0;0;0;0;2;1;0;7;8;6;5;0;0;0;0;0;0;0;0;0;0;0;0;0;0;0;0;0;0;0;0;0;0;0;4;0;0;0;0;4;2;0;7;6;8;9;0;0;0;0;0;0;0;0;0;0;0;0;0;0;0;0;0;0;0;0;0;0;0;0;0;0;0;0;0;0;0;0;0;0;0;0;0;0;0;0;0;0;0;0
2026-01-09 17:05:00;1;2;18;909;0;0;0;0;0;0;0;0;0;0.10200000000000001;0.105;0.108;0.11;0.114;0.117;0;0;0;0;0;0;4.026317022173599e-37;0;0;0;0;0;0;500;700.3333435058594;950;1180;850;440;1250;450;595;840;795;750;800;800;800;0;3;0;0;0;0;3;4;0;50;60;20;10;0;0;0;0;3;4;0;50;60;20;10;0;0;0;0;2;1;0;7;8;6;5;0;0;0;0;0;0;0;0;0;0;0;0;0;0;0;0;0;0;0;0;0;0;0;4;0;0;0;0;4;2;0;7;6;8;9;0;0;0;0;0;0;0;0;0;0;0;0;0;0;0;0;0;0;0;0;0;0;0;0;0;0;0;0;0;0;0;0;0;0;0;0;0;0;0;0;0;0;0;0
2026-01-09 17:06:00;1;2;18;909;0;0;0;0;0;0;0;0;0;0.10200000000000001;0.105;0.108;0.11;0.114;0.117;0;0;0;0;0;0;4.026317022173599e-37;0;0;0;0;0;0;500;700.3333435058594;950;1180;850;440;1250;450;595;840;795;750;800;800;800;0;3;0;0;0;0;3;4;0;50;60;20;10;0;0;0;0;3;4;0;50;60;20;10;0;0;0;0;2;1;0;7;8;6;5;0;0;0;0;0;0;0;0;0;0;0;0;0;0;0;0;0;0;0;0;0;0;0;4;0;0;0;0;4;2;0;7;6;8;9;0;0;0;0;0;0;0;0;0;0;0;0;0;0;0;0;0;0;0;0;0;0;0;0;0;0;0;0;0;0;0;0;0;0;0;0;0;0;0;0;0;0;0;0
2026-01-09 17:07:00;1;2;18;909;0;0;0;0;0;0;0;0;0;0.10200000000000001;0.105;0.108;0.11;0.114;0.117;0;0;0;0;0;0;4.026317022173599e-37;0;0;0;0;0;0;500;700.3333435058594;950;1180;850;440;1250;450;595;840;795;750;800;800;800;0;3;0;0;0;0;3;4;0;50;60;20;10;0;0;0;0;3;4;0;50;60;20;10;0;0;0;0;2;1;0;7;8;6;5;0;0;0;0;0;0;0;0;0;0;0;0;0;0;0;0;0;0;0;0;0;0;0;4;0;0;0;0;4;2;0;7;6;8;9;0;0;0;0;0;0;0;0;0;0;0;0;0;0;0;0;0;0;0;0;0;0;0;0;0;0;0;0;0;0;0;0;0;0;0;0;0;0;0;0;0;0;0;0
2026-01-09 17:08:00;1;2;18;909;0;0;0;0;0;0;0;0;0;0.10200000000000001;0.105;0.108;0.11;0.114;0.117;0;0;0;0;0;0;4.026317022173599e-37;0;0;0;0;0;0;500;700.3333435058594;950;1180;850;440;1250;450;595;840;795;750;800;800;800;0;3;0;0;0;0;3;4;0;50;60;20;10;0;0;0;0;3;4;0;50;60;20;10;0;0;0;0;2;1;0;7;8;6;5;0;0;0;0;0;0;0;0;0;0;0;0;0;0;0;0;0;0;0;0;0;0;0;4;0;0;0;0;4;2;0;7;6;8;9;0;0;0;0;0;0;0;0;0;0;0;0;0;0;0;0;0;0;0;0;0;0;0;0;0;0;0;0;0;0;0;0;0;0;0;0;0;0;0;0;0;0;0;0
2026-01-09 17:09:00;1;2;18;909;0;0;0;0;0;0;0;0;0;0.10200000000000001;0.105;0.108;0.11;0.114;0.117;0;0;0;0;0;0;4.026317022173599e-37;0;0;0;0;0;0;500;700.3333435058594;950;1180;850;440;1250;450;595;840;795;750;800;800;800;0;3;0;0;0;0;3;4;0;50;60;20;10;0;0;0;0;3;4;0;50;60;20;10;0;0;0;0;2;1;0;7;8;6;5;0;0;0;0;0;0;0;0;0;0;0;0;0;0;0;0;0;0;0;0;0;0;0;4;0;0;0;0;4;2;0;7;6;8;9;0;0;0;0;0;0;0;0;0;0;0;0;0;0;0;0;0;0;0;0;0;0;0;0;0;0;0;0;0;0;0;0;0;0;0;0;0;0;0;0;0;0;0;0
2026-01-09 17:10:00;1;2;18;909;0;0;0;0;0;0;0;0;0;0.10200000000000001;0.105;0.108;0.11;0.114;0.117;0;0;0;0;0;0;4.026317022173599e-37;0;0;0;0;0;0;500;700.3333435058594;950;1180;850;440;1250;450;595;840;795;750;800;800;800;0;3;0;0;0;0;3;4;0;50;60;20;10;0;0;0;0;3;4;0;50;60;20;10;0;0;0;0;2;1;0;7;8;6;5;0;0;0;0;0;0;0;0;0;0;0;0;0;0;0;0;0;0;0;0;0;0;0;4;0;0;0;0;4;2;0;7;6;8;9;0;0;0;0;0;0;0;0;0;0;0;0;0;0;0;0;0;0;0;0;0;0;0;0;0;0;0;0;0;0;0;0;0;0;0;0;0;0;0;0;0;0;0;0
2026-01-09 17:11:00;1;2;18;909;0;0;0;0;0;0;0;0;0;0.10200000000000001;0.105;0.108;0.11;0.114;0.117;0;0;0;0;0;0;4.026317022173599e-37;0;0;0;0;0;0;500;700.3333435058594;950;1180;850;440;1250;450;595;840;795;750;800;800;800;0;3;0;0;0;0;3;4;0;50;60;20;10;0;0;0;0;3;4;0;50;60;20;10;0;0;0;0;2;1;0;7;8;6;5;0;0;0;0;0;0;0;0;0;0;0;0;0;0;0;0;0;0;0;0;0;0;0;4;0;0;0;0;4;2;0;7;6;8;9;0;0;0;0;0;0;0;0;0;0;0;0;0;0;0;0;0;0;0;0;0;0;0;0;0;0;0;0;0;0;0;0;0;0;0;0;0;0;0;0;0;0;0;0
2026-01-09 17:12:00;1;2;18;909;0;0;0;0;0;0;0;0;0;0.10200000000000001;0.105;0.108;0.11;0.114;0.117;0;0;0;0;0;0;4.026317022173599e-37;0;0;0;0;0;0;500;700.3333435058594;950;1180;850;440;1250;450;595;840;795;750;800;800;800;0;3;0;0;0;0;3;4;0;50;60;20;10;0;0;0;0;3;4;0;50;60;20;10;0;0;0;0;2;1;0;7;8;6;5;0;0;0;0;0;0;0;0;0;0;0;0;0;0;0;0;0;0;0;0;0;0;0;4;0;0;0;0;4;2;0;7;6;8;9;0;0;0;0;0;0;0;0;0;0;0;0;0;0;0;0;0;0;0;0;0;0;0;0;0;0;0;0;0;0;0;0;0;0;0;0;0;0;0;0;0;0;0;0
2026-01-09 17:13:00;1;2;18;909;0;0;0;0;0;0;0;0;0;0.10200000000000001;0.105;0.108;0.11;0.114;0.117;0;0;0;0;0;0;4.026317022173599e-37;0;0;0;0;0;0;500;700.3333435058594;950;1180;850;440;1250;450;595;840;795;750;800;800;800;0;3;0;0;0;0;3;4;0;50;60;20;10;0;0;0;0;3;4;0;50;60;20;10;0;0;0;0;2;1;0;7;8;6;5;0;0;0;0;0;0;0;0;0;0;0;0;0;0;0;0;0;0;0;0;0;0;0;4;0;0;0;0;4;2;0;7;6;8;9;0;0;0;0;0;0;0;0;0;0;0;0;0;0;0;0;0;0;0;0;0;0;0;0;0;0;0;0;0;0;0;0;0;0;0;0;0;0;0;0;0;0;0;0
2026-01-09 17:14:00;1;2;18;909;0;0;0;0;0;0;0;0;0;0.10200000000000001;0.105;0.108;0.11;0.114;0.117;0;0;0;0;0;0;4.026317022173599e-37;0;0;0;0;0;0;500;700.3333435058594;950;1180;850;440;1250;450;595;840;795;750;800;800;800;0;3;0;0;0;0;3;4;0;50;60;20;10;0;0;0;0;3;4;0;50;60;20;10;0;0;0;0;2;1;0;7;8;6;5;0;0;0;0;0;0;0;0;0;0;0;0;0;0;0;0;0;0;0;0;0;0;0;4;0;0;0;0;4;2;0;7;6;8;9;0;0;0;0;0;0;0;0;0;0;0;0;0;0;0;0;0;0;0;0;0;0;0;0;0;0;0;0;0;0;0;0;0;0;0;0;0;0;0;0;0;0;0;0
2026-01-09 17:15:00;1;2;18;909;0;0;0;0;0;0;0;0;0;0.10200000000000001;0.105;0.108;0.11;0.114;0.117;0;0;0;0;0;0;0;0;0;0;0;0;0;500;700.3333435058594;950;1180;850;440;1250;450;595;840;795;750;800;800;800;0;3;0;0;0;0;3;4;0;50;60;20;10;0;0;0;0;3;4;0;50;60;20;10;0;0;0;0;2;1;0;7;8;6;5;0;0;0;0;0;0;0;0;0;0;0;0;0;0;0;0;0;0;0;0;0;0;0;4;0;0;0;0;4;2;0;7;6;8;9;0;0;0;0;0;0;0;0;0;0;0;0;0;0;0;0;0;0;0;0;0;0;0;0;0;0;0;0;0;0;0;0;0;0;0;0;0;0;0;0;0;0;0;0
2026-01-09 17:19:53;1;2;18;909;0;0;0;0;0;0;0;0;0;0.10200000000000001;0.105;0.108;0.11;0.114;0.117;0;0;0;0;0;0;0;0;0;0;0;0;0;0;0;0;0;0;0;0;0;0;0;0;0;0;0;0;0;3;0;0;0;0;3;4;0;50;60;20;10;0;0;0;0;3;4;0;50;60;20;10;0;0;0;0;2;1;0;7;8;6;5;0;0;0;0;0;0;0;0;0;0;0;0;0;0;0;0;0;0;0;0;0;0;0;4;0;0;0;0;4;2;0;7;6;8;9;0;0;0;0;0;0;0;0;0;0;0;0;0;0;0;0;0;0;0;0;0;0;0;0;0;0;0;0;0;0;0;0;0;0;0;0;0;0;0;0;0;0;0;0
2026-01-09 17:20:00;1;2;18;35;0;0;0;0;0;0;0;0;0;0.10200000000000001;0.105;0.108;0.11;0.114;0.117;0;0;0;0;0;0;0;0;0;0;0;0;0;0;0;0;0;0;0;0;0;0;0;0;0;0;0;0;0;3;0;0;0;0;3;4;0;50;60;20;10;0;0;0;0;3;4;0;50;60;20;10;0;0;0;0;2;1;0;7;8;6;5;0;0;0;0;0;0;0;0;0;0;0;0;0;0;0;0;0;0;0;0;0;0;0;4;0;0;0;0;4;2;0;7;6;8;9;0;0;0;0;0;0;0;0;0;0;0;0;0;0;0;0;0;0;0;0;0;0;0;0;0;0;0;0;0;0;0;0;0;0;0;0;0;0;0;0;0;0;0;0
2026-01-09 17:22:01;1;2;18;35;0;0;0;0;0;0;0;0;0;0.10200000000000001;0.105;0.108;0.11;0.114;0.117;0;0;0;0;0;0;0;0;0;0;0;0;0;0;0;0;0;0;0;0;0;0;0;0;0;0;0;0;0;3;0;0;0;0;3;4;0;50;60;20;10;0;0;0;0;3;4;0;50;60;20;10;0;0;0;0;2;1;0;7;8;6;5;0;0;0;0;0;0;0;0;0;0;0;0;0;0;0;0;0;0;0;0;0;0;0;4;0;0;0;0;4;2;0;7;6;8;9;0;0;0;0;0;0;0;0;0;0;0;0;0;0;0;0;0;0;0;0;0;0;0;0;0;0;0;0;0;0;0;0;0;0;0;0;0;0;0;0;0;0;0;0
2026-01-09 17:24:05;1;2;18;35;0;0;0;0;0;0;0;0;0;0.10200000000000001;0.105;0.108;0.11;0.114;0.117;0;0;0;0;0;0;0;0;0;0;0;0;0;0;0;0;0;0;0;0;0;0;0;0;0;0;0;0;0;3;0;0;0;0;3;4;0;50;60;20;10;0;0;0;0;3;4;0;50;60;20;10;0;0;0;0;2;1;0;7;8;6;5;0;0;0;0;0;0;0;0;0;0;0;0;0;0;0;0;0;0;0;0;0;0;0;4;0;0;0;0;4;2;0;7;6;8;9;0;0;0;0;0;0;0;0;0;0;0;0;0;0;0;0;0;0;0;0;0;0;0;0;0;0;0;0;0;0;0;0;0;0;0;0;0;0;0;0;0;0;0;0
